date,Unique Address Total Count,Unique Address Receive Count,Unique Address Sent Count
8/7/2015,1087,784,609
8/8/2015,827,605,477
8/9/2015,733,462,500
8/10/2015,1002,821,763
8/11/2015,2343,2132,2112
8/12/2015,907,581,685
8/13/2015,1275,872,993
8/14/2015,1595,1115,1188
8/15/2015,1314,857,1064
8/16/2015,1203,765,989
8/17/2015,1250,816,1000
8/18/2015,1295,834,1048
8/19/2015,1351,823,1148
8/20/2015,1168,658,992
8/21/2015,1426,913,1231
8/22/2015,1415,840,1242
8/23/2015,1571,885,1417
8/24/2015,1437,873,1290
8/25/2015,1581,951,1406
8/26/2015,1528,883,1393
8/27/2015,1592,929,1427
8/28/2015,1532,919,1376
8/29/2015,1376,839,1248
8/30/2015,1625,931,1495
8/31/2015,1516,947,1386
9/1/2015,1556,916,1432
9/2/2015,1515,875,1400
9/3/2015,1449,778,1343
9/4/2015,1451,761,1355
9/5/2015,1487,830,1388
9/6/2015,1588,965,1406
9/7/2015,1633,969,1511
9/8/2015,1546,1003,1408
9/9/2015,1544,980,1428
9/10/2015,1540,989,1406
9/11/2015,1702,1088,1578
9/12/2015,1545,942,1443
9/13/2015,1599,954,1482
9/14/2015,1623,1013,1523
9/15/2015,1487,906,1380
9/16/2015,1511,920,1388
9/17/2015,1518,982,1389
9/18/2015,1463,891,1349
9/19/2015,1368,840,1270
9/20/2015,1467,904,1368
9/21/2015,1522,988,1406
9/22/2015,1536,1001,1401
9/23/2015,1738,969,1657
9/24/2015,1570,1004,1474
9/25/2015,1537,974,1436
9/26/2015,1421,890,1342
9/27/2015,1418,907,1335
9/28/2015,1546,1003,1442
9/29/2015,1533,962,1384
9/30/2015,1491,924,1376
10/1/2015,1474,947,1329
10/2/2015,1376,857,1286
10/3/2015,1390,890,1291
10/4/2015,1394,872,1295
10/5/2015,1410,871,1336
10/6/2015,1416,907,1315
10/7/2015,1374,881,1297
10/8/2015,1331,865,1243
10/9/2015,1367,868,1290
10/10/2015,1267,793,1205
10/11/2015,1301,840,1212
10/12/2015,1336,832,1257
10/13/2015,1476,846,1400
10/14/2015,1567,956,1447
10/15/2015,1497,876,1391
10/16/2015,1367,882,1275
10/17/2015,1356,867,1251
10/18/2015,1346,818,1247
10/19/2015,1453,842,1359
10/20/2015,1315,837,1227
10/21/2015,1522,873,1428
10/22/2015,1390,849,1268
10/23/2015,1524,957,1404
10/24/2015,1636,869,1555
10/25/2015,1498,918,1393
10/26/2015,1656,987,1568
10/27/2015,1707,1150,1545
10/28/2015,1701,1167,1562
10/29/2015,1975,1269,1812
10/30/2015,2220,1315,2093
10/31/2015,1988,1222,1893
11/1/2015,2132,1157,2042
11/2/2015,2040,1332,1897
11/3/2015,2067,1249,1957
11/4/2015,2040,1241,1907
11/5/2015,1915,1288,1768
11/6/2015,1808,1241,1683
11/7/2015,2068,1176,1978
11/8/2015,2272,1188,2175
11/9/2015,2061,1342,1910
11/10/2015,1827,1270,1725
11/11/2015,2034,1260,1937
11/12/2015,1808,1215,1710
11/13/2015,1806,1194,1715
11/14/2015,1798,1240,1699
11/15/2015,1760,1219,1686
11/16/2015,1868,1272,1765
11/17/2015,1902,1306,1803
11/18/2015,1860,1304,1758
11/19/2015,1865,1280,1763
11/20/2015,1764,1068,1685
11/21/2015,1711,1097,1605
11/22/2015,2016,1027,1922
11/23/2015,1739,1137,1629
11/24/2015,1821,1127,1722
11/25/2015,1711,1123,1625
11/26/2015,1805,1140,1729
11/27/2015,1661,1030,1594
11/28/2015,1652,1047,1584
11/29/2015,1667,1078,1599
11/30/2015,1783,1006,1697
12/1/2015,1764,982,1685
12/2/2015,1674,938,1608
12/3/2015,1759,1000,1667
12/4/2015,1743,965,1640
12/5/2015,1717,994,1641
12/6/2015,2007,1314,1726
12/7/2015,1953,1290,1717
12/8/2015,1758,1120,1663
12/9/2015,1749,1107,1652
12/10/2015,1780,1093,1690
12/11/2015,1788,1134,1698
12/12/2015,2153,1510,2038
12/13/2015,1968,1288,1771
12/14/2015,2187,1511,1786
12/15/2015,2165,1487,1742
12/16/2015,2154,1496,1743
12/17/2015,2403,1672,2005
12/18/2015,2185,1479,2038
12/19/2015,2189,1532,1812
12/20/2015,2210,1494,1840
12/21/2015,2316,1570,1915
12/22/2015,2313,1580,1873
12/23/2015,2216,1494,1854
12/24/2015,2236,1492,1863
12/25/2015,2160,1434,1808
12/26/2015,2285,1499,1968
12/27/2015,2216,1445,1864
12/28/2015,2424,1618,2010
12/29/2015,2394,1557,1990
12/30/2015,2364,1469,1939
12/31/2015,2579,1712,2082
1/1/2016,2351,1536,1968
1/2/2016,2411,1619,1975
1/3/2016,2455,1618,2031
1/4/2016,2539,1629,2125
1/5/2016,2535,1631,2116
1/6/2016,2646,1677,2221
1/7/2016,2684,1728,2406
1/8/2016,2611,1646,2306
1/9/2016,2625,1684,2219
1/10/2016,2798,1842,2292
1/11/2016,2951,1873,2501
1/12/2016,2987,1998,2533
1/13/2016,2816,1772,2366
1/14/2016,2753,1727,2360
1/15/2016,3126,1968,2644
1/16/2016,2666,1545,2494
1/17/2016,2579,1433,2448
1/18/2016,3051,1665,2855
1/19/2016,2846,1547,2652
1/20/2016,3351,2036,2825
1/21/2016,2902,1545,2759
1/22/2016,2978,1599,2841
1/23/2016,3410,1878,3177
1/24/2016,3823,2112,3481
1/25/2016,4040,2226,3736
1/26/2016,4329,2350,4003
1/27/2016,4056,2080,3774
1/28/2016,4466,2090,4205
1/29/2016,4323,2021,4090
1/30/2016,4341,1992,4128
1/31/2016,4392,2100,4170
2/1/2016,4200,2063,3949
2/2/2016,4167,2011,3923
2/3/2016,4328,2027,4106
2/4/2016,4078,1991,3844
2/5/2016,4699,2046,4511
2/6/2016,3840,1949,3640
2/7/2016,4055,2142,3783
2/8/2016,4497,2318,4161
2/9/2016,4757,2479,4403
2/10/2016,6032,3265,5270
2/11/2016,7682,3390,7177
2/12/2016,6485,3304,5868
2/13/2016,6066,3071,5552
2/14/2016,5550,2653,5083
2/15/2016,5686,2765,5212
2/16/2016,5689,2749,5293
2/17/2016,5730,2698,5319
2/18/2016,5538,2726,5143
2/19/2016,5532,2653,5236
2/20/2016,5229,2526,4949
2/21/2016,6288,3466,6043
2/22/2016,6009,3034,5567
2/23/2016,6049,2987,5646
2/24/2016,6037,2886,5668
2/25/2016,6600,3283,6116
2/26/2016,5928,2993,5513
2/27/2016,5919,3068,5554
2/28/2016,6499,3407,6170
2/29/2016,7116,4015,6681
3/1/2016,7659,4322,7213
3/2/2016,8545,4494,7927
3/3/2016,9065,4818,8401
3/4/2016,8979,4846,8408
3/5/2016,10061,5758,9268
3/6/2016,9726,5361,9087
3/7/2016,8044,4490,7435
3/8/2016,9472,5372,8450
3/9/2016,9249,4937,8718
3/10/2016,9813,5459,9194
3/11/2016,9482,5184,7992
3/12/2016,9981,5114,9239
3/13/2016,10165,5033,9366
3/14/2016,10423,5044,9697
3/15/2016,10370,4864,9580
3/16/2016,9656,4550,9050
3/17/2016,10288,5014,9655
3/18/2016,10764,5359,9995
3/19/2016,9581,4440,9051
3/20/2016,10077,4571,9541
3/21/2016,10321,5090,9590
3/22/2016,9781,4498,9334
3/23/2016,10094,4591,9600
3/24/2016,10069,4445,9572
3/25/2016,10032,4275,9592
3/26/2016,9849,4094,9459
3/27/2016,10650,4678,10062
3/28/2016,10799,4772,10289
3/29/2016,12292,6025,10759
3/30/2016,12463,6119,11614
3/31/2016,11296,4856,10736
4/1/2016,10957,4607,10469
4/2/2016,10762,4354,10353
4/3/2016,10813,4315,10400
4/4/2016,11664,4934,11101
4/5/2016,12096,4977,11455
4/6/2016,11879,4939,11323
4/7/2016,11757,4808,11271
4/8/2016,11564,4650,11023
4/9/2016,11977,4944,11305
4/10/2016,12827,5396,11944
4/11/2016,12058,4779,11472
4/12/2016,12595,5043,11975
4/13/2016,12905,5412,12041
4/14/2016,12319,5026,11660
4/15/2016,11839,4603,11459
4/16/2016,11886,4514,11517
4/17/2016,12505,5092,12039
4/18/2016,12490,5037,12057
4/19/2016,12427,4905,12011
4/20/2016,12679,5024,12221
4/21/2016,12672,4975,12215
4/22/2016,12803,5084,12308
4/23/2016,12584,4906,12145
4/24/2016,12692,5054,12261
4/25/2016,13185,5296,12705
4/26/2016,13372,5401,12791
4/27/2016,13231,5356,12765
4/28/2016,12993,5127,12517
4/29/2016,14985,7572,12535
4/30/2016,19625,8108,18327
5/1/2016,14504,7003,13407
5/2/2016,17590,8040,16534
5/3/2016,14875,7336,13847
5/4/2016,14517,6873,13685
5/5/2016,14754,6954,13942
5/6/2016,14564,6964,13728
5/7/2016,14188,6651,13406
5/8/2016,14766,7108,14032
5/9/2016,15277,7431,14354
5/10/2016,15296,7553,14254
5/11/2016,16737,8714,15498
5/12/2016,17110,8878,15655
5/13/2016,18490,10443,16368
5/14/2016,16645,9197,15044
5/15/2016,16088,7912,15290
5/16/2016,15263,7676,14201
5/17/2016,16885,8305,15830
5/18/2016,19510,8916,18234
5/19/2016,18335,9178,16934
5/20/2016,17303,8604,16155
5/21/2016,16644,7746,15833
5/22/2016,15543,6923,14798
5/23/2016,18110,9050,17039
5/24/2016,17254,8614,16106
5/25/2016,17710,8385,16747
5/26/2016,24304,15526,16200
5/27/2016,19767,10181,18500
5/28/2016,25573,15936,23160
5/29/2016,18728,8730,17451
5/30/2016,17502,8560,16055
5/31/2016,18220,9019,16783
6/1/2016,17481,8269,16179
6/2/2016,17325,7750,16203
6/3/2016,16848,7788,15882
6/4/2016,16496,7140,15623
6/5/2016,16430,7142,15678
6/6/2016,17410,7645,16470
6/7/2016,17193,7946,16142
6/8/2016,17781,7920,16636
6/9/2016,17199,7516,16241
6/10/2016,17682,7726,16630
6/11/2016,14569,6860,13701
6/12/2016,18481,8032,17381
6/13/2016,21159,9846,19690
6/14/2016,21346,10026,19669
6/15/2016,19198,8709,17908
6/16/2016,17847,9481,16077
6/17/2016,26407,14035,22708
6/18/2016,24516,12578,21457
6/19/2016,21472,9786,19842
6/20/2016,20551,9011,19173
6/21/2016,20631,9567,18689
6/22/2016,22427,10424,20525
6/23/2016,19009,8468,17832
6/24/2016,19562,8086,18442
6/25/2016,17645,7431,16614
6/26/2016,21209,7304,20344
6/27/2016,18470,7521,17587
6/28/2016,20244,8614,19032
6/29/2016,19018,8361,17954
6/30/2016,19130,7569,18220
7/1/2016,18578,7672,17593
7/2/2016,19154,7835,18372
7/3/2016,18784,7822,17976
7/4/2016,19746,8322,18723
7/5/2016,19620,8508,18515
7/6/2016,18934,8198,18018
7/7/2016,19141,8159,18214
7/8/2016,19848,8147,18854
7/9/2016,19190,7870,18224
7/10/2016,19177,7462,18498
7/11/2016,18952,7842,18097
7/12/2016,19670,7855,18833
7/13/2016,17212,7644,16155
7/14/2016,19793,8201,18909
7/15/2016,19468,8093,18394
7/16/2016,18614,6947,17866
7/17/2016,16017,6395,15231
7/18/2016,17856,7364,16769
7/19/2016,25051,17576,13714
7/20/2016,22502,10739,19538
7/21/2016,21054,9739,18526
7/22/2016,23022,10693,20877
7/23/2016,20894,9679,18849
7/24/2016,26650,14526,21968
7/25/2016,23722,11796,21400
7/26/2016,29192,17544,24356
7/27/2016,27088,13810,23203
7/28/2016,23697,12498,21123
7/29/2016,21509,10422,19935
7/30/2016,20210,8869,18911
7/31/2016,21059,9959,19647
8/1/2016,21248,10417,19374
8/2/2016,19845,12767,16506
8/3/2016,22256,10646,19509
8/4/2016,21443,10180,19859
8/5/2016,20390,8872,18964
8/6/2016,19234,8603,17889
8/7/2016,19759,8686,18418
8/8/2016,19724,9553,18229
8/9/2016,21994,10442,20231
8/10/2016,20365,9383,19041
8/11/2016,21935,10899,20082
8/12/2016,19484,8698,18391
8/13/2016,19018,8018,18146
8/14/2016,19172,8625,17915
8/15/2016,19571,8765,18550
8/16/2016,20537,9739,18511
8/17/2016,19660,8748,18566
8/18/2016,19253,8694,18279
8/19/2016,19624,8731,18612
8/20/2016,19382,9032,18034
8/21/2016,19699,8761,18506
8/22/2016,19708,8207,18802
8/23/2016,21173,9997,19434
8/24/2016,19583,9029,18418
8/25/2016,21112,10088,19593
8/26/2016,19679,9270,18387
8/27/2016,19502,9602,18448
8/28/2016,19830,9020,18733
8/29/2016,20792,9858,19250
8/30/2016,19917,9348,18647
8/31/2016,21451,10071,20084
9/1/2016,21668,11066,19685
9/2/2016,21088,10322,19556
9/3/2016,19984,9134,18821
9/4/2016,19904,8927,18850
9/5/2016,19960,8977,18877
9/6/2016,20370,9099,19326
9/7/2016,19323,9238,17613
9/8/2016,22084,10872,20192
9/9/2016,20206,9202,18669
9/10/2016,19826,8857,18606
9/11/2016,20445,9270,19121
9/12/2016,20886,9447,19543
9/13/2016,20414,9440,19069
9/14/2016,20042,9651,18705
9/15/2016,20833,9393,19547
9/16/2016,21106,10321,19451
9/17/2016,20923,9726,19488
9/18/2016,19347,8454,18253
9/19/2016,20830,7844,19557
9/20/2016,24175,13687,21556
9/21/2016,20489,12322,17466
9/22/2016,17296,8355,16011
9/23/2016,17914,8833,16541
9/24/2016,18318,9221,16696
9/25/2016,17661,8998,16277
9/26/2016,17635,8939,16104
9/27/2016,17159,9146,15862
9/28/2016,18571,9047,17177
9/29/2016,17897,10178,16108
9/30/2016,17202,10391,15146
10/1/2016,19366,8676,18134
10/2/2016,20007,10504,17946
10/3/2016,18293,9178,17056
10/4/2016,15589,7145,13943
10/5/2016,16327,7168,14950
10/6/2016,16706,8004,14257
10/7/2016,19029,9406,17479
10/8/2016,18762,9640,15763
10/9/2016,19074,10654,17382
10/10/2016,20223,10621,18693
10/11/2016,17386,9349,15790
10/12/2016,11626,5413,10466
10/13/2016,9198,3686,8388
10/14/2016,15842,8047,14294
10/15/2016,12335,6442,10794
10/16/2016,14401,7603,12886
10/17/2016,16767,8437,15216
10/18/2016,20528,11698,16867
10/19/2016,14107,6927,12743
10/20/2016,20555,11255,17457
10/21/2016,22990,12002,21892
10/22/2016,18589,10044,15606
10/23/2016,17439,9598,14815
10/24/2016,18484,8964,17342
10/25/2016,18401,9037,16948
10/26/2016,18399,9163,17058
10/27/2016,18313,9360,16774
10/28/2016,18206,9551,16629
10/29/2016,16901,8789,15450
10/30/2016,15098,8222,13532
10/31/2016,19726,10638,18110
11/1/2016,20015,11620,15785
11/2/2016,20913,8578,19083
11/3/2016,19179,9927,16220
11/4/2016,13170,6858,11729
11/5/2016,16309,8247,15108
11/6/2016,14776,7169,13462
11/7/2016,17921,8895,16052
11/8/2016,16645,8586,15284
11/9/2016,17126,8954,15642
11/10/2016,15688,7455,14566
11/11/2016,17430,8728,15763
11/12/2016,16063,8326,14696
11/13/2016,17387,9463,15302
11/14/2016,15701,7635,14397
11/15/2016,16875,8371,15436
11/16/2016,15618,7837,14310
11/17/2016,15677,7807,14265
11/18/2016,16189,8083,15041
11/19/2016,15538,7433,14551
11/20/2016,16204,7764,15127
11/21/2016,15918,7980,14711
11/22/2016,29347,21813,14878
11/23/2016,38706,30063,15427
11/24/2016,15831,5263,14973
11/25/2016,29251,22868,11719
11/26/2016,14433,5799,13327
11/27/2016,15708,6104,14746
11/28/2016,16449,7463,14883
11/29/2016,15074,6915,13881
11/30/2016,16228,7147,15140
12/1/2016,14722,6727,13722
12/2/2016,16563,7390,15439
12/3/2016,16480,9250,14046
12/4/2016,16951,9378,12992
12/5/2016,15889,7684,14357
12/6/2016,18103,9746,15861
12/7/2016,14962,6604,14120
12/8/2016,15100,6817,14277
12/9/2016,16049,8540,13974
12/10/2016,14657,7015,13880
12/11/2016,15179,7686,13690
12/12/2016,15807,7752,14807
12/13/2016,14433,7100,13654
12/14/2016,16376,8898,13995
12/15/2016,17355,9998,14090
12/16/2016,16139,7796,14878
12/17/2016,14798,7685,13423
12/18/2016,13465,7441,12199
12/19/2016,16637,8044,15568
12/20/2016,16566,8535,15678
12/21/2016,15834,8839,14692
12/22/2016,22942,8766,21219
12/23/2016,17169,7693,16151
12/24/2016,15112,7159,14272
12/25/2016,13705,6388,13110
12/26/2016,13757,6498,12986
12/27/2016,14343,7156,13406
12/28/2016,15071,7699,13942
12/29/2016,15052,8536,13920
12/30/2016,15526,7878,14006
12/31/2016,15516,8545,14339
1/1/2017,13792,6511,13050
1/2/2017,15041,7688,14029
1/3/2017,14621,8512,13429
1/4/2017,17700,10889,16189
1/5/2017,18570,10244,17153
1/6/2017,16841,10350,15256
1/7/2017,16371,8745,15148
1/8/2017,15463,7912,14525
1/9/2017,17027,10006,15169
1/10/2017,16047,8381,14988
1/11/2017,16126,9143,15081
1/12/2017,17455,9360,15555
1/13/2017,16637,8588,14856
1/14/2017,15774,7887,14415
1/15/2017,15988,7294,15071
1/16/2017,16692,9257,15563
1/17/2017,17452,8454,16300
1/18/2017,16318,7951,15191
1/19/2017,16188,8829,14975
1/20/2017,17872,9280,15973
1/21/2017,16131,8307,15080
1/22/2017,16272,7853,15274
1/23/2017,16470,8372,15153
1/24/2017,17423,8517,16124
1/25/2017,16238,7811,15022
1/26/2017,16443,8284,14974
1/27/2017,16089,7909,14899
1/28/2017,16108,7763,14829
1/29/2017,15482,7392,14459
1/30/2017,16759,8414,15274
1/31/2017,15712,8260,14423
2/1/2017,16306,8375,14984
2/2/2017,16351,8833,14676
2/3/2017,15995,8164,14657
2/4/2017,16891,8986,15437
2/5/2017,16953,9134,15695
2/6/2017,16235,9152,14911
2/7/2017,16535,8813,15154
2/8/2017,16947,9030,15495
2/9/2017,17021,8973,15602
2/10/2017,16931,10069,15521
2/11/2017,15901,8362,14612
2/12/2017,17004,9018,15459
2/13/2017,18346,11165,16782
2/14/2017,19137,11010,17249
2/15/2017,19185,10848,17426
2/16/2017,18258,9865,16830
2/17/2017,18047,9838,16493
2/18/2017,18026,10723,16499
2/19/2017,17214,9117,16081
2/20/2017,18491,10281,17021
2/21/2017,18250,9856,16902
2/22/2017,18193,9709,16802
2/23/2017,17754,9504,16586
2/24/2017,19639,10657,18237
2/25/2017,18689,10034,17464
2/26/2017,18730,10191,17530
2/27/2017,20078,11217,18767
2/28/2017,23021,13620,20938
3/1/2017,24651,14269,22019
3/2/2017,31685,21546,23078
3/3/2017,26429,16118,23406
3/4/2017,23540,14069,20855
3/5/2017,22808,13730,19679
3/6/2017,23221,13793,21312
3/7/2017,21813,12556,19851
3/8/2017,21960,12871,20174
3/9/2017,25280,14958,22693
3/10/2017,24371,16030,21011
3/11/2017,24576,14851,22674
3/12/2017,26292,16979,23865
3/13/2017,34429,23209,31045
3/14/2017,30115,19439,27091
3/15/2017,31542,20112,28632
3/16/2017,44107,29444,39426
3/17/2017,43499,28826,38947
3/18/2017,36158,23897,32384
3/19/2017,31709,20170,28623
3/20/2017,32279,20419,29468
3/21/2017,32919,20609,29758
3/22/2017,30383,18964,27633
3/23/2017,30354,18984,27615
3/24/2017,36015,23576,32001
3/25/2017,33780,21673,30310
3/26/2017,30236,18709,27537
3/27/2017,33517,21790,29582
3/28/2017,32440,20434,29297
3/29/2017,33267,20753,30110
3/30/2017,38708,25204,35315
3/31/2017,44816,30937,36090
4/1/2017,32156,20449,27643
4/2/2017,35603,23267,31555
4/3/2017,42730,29661,35761
4/4/2017,35399,22527,31476
4/5/2017,35449,23591,30329
4/6/2017,40228,26864,36352
4/7/2017,32355,19736,29253
4/8/2017,29309,17676,26479
4/9/2017,28630,16166,26030
4/10/2017,31501,19423,27863
4/11/2017,30688,18808,27288
4/12/2017,32314,20161,28957
4/13/2017,34022,21678,30563
4/14/2017,32508,19803,28855
4/15/2017,30949,18411,28156
4/16/2017,27818,15288,25600
4/17/2017,29469,16721,27256
4/18/2017,34029,19892,31155
4/19/2017,34368,20316,30808
4/20/2017,35730,21016,32837
4/21/2017,31523,18218,28183
4/22/2017,30641,17112,27984
4/23/2017,30828,17448,28304
4/24/2017,35372,20726,31313
4/25/2017,33726,19908,30107
4/26/2017,41016,20665,37616
4/27/2017,47165,29736,40235
4/28/2017,42682,26253,37437
4/29/2017,39536,22754,35801
4/30/2017,41994,25037,37267
5/1/2017,48109,28430,42986
5/2/2017,45811,28032,40187
5/3/2017,41383,23952,37465
5/4/2017,51347,30710,46832
5/5/2017,50155,30332,44678
5/6/2017,43008,25424,38797
5/7/2017,48106,29273,43130
5/8/2017,55812,36709,47762
5/9/2017,51935,32256,45894
5/10/2017,50607,29323,45588
5/11/2017,52792,31967,47465
5/12/2017,47119,29061,41418
5/13/2017,42641,24739,38108
5/14/2017,44544,26087,39935
5/15/2017,52285,32247,45331
5/16/2017,51989,32063,45962
5/17/2017,59674,39035,52232
5/18/2017,59137,37851,51402
5/19/2017,72169,48426,60119
5/20/2017,52745,35710,44840
5/21/2017,60760,37460,53475
5/22/2017,76577,45948,67510
5/23/2017,84640,48510,74414
5/24/2017,82374,50560,71487
5/25/2017,82062,49905,71840
5/26/2017,75845,47245,65375
5/27/2017,65466,38766,58183
5/28/2017,64125,37142,56582
5/29/2017,69704,41825,60600
5/30/2017,84395,50693,73773
5/31/2017,104711,67708,88704
6/1/2017,95855,62824,77532
6/2/2017,80502,49256,69559
6/3/2017,79531,48997,69123
6/4/2017,81766,48682,69775
6/5/2017,90497,56116,77549
6/6/2017,93828,55596,83384
6/7/2017,91968,54607,81147
6/8/2017,87377,49390,77396
6/9/2017,98492,60241,83999
6/10/2017,102906,59854,91389
6/11/2017,116208,68811,100530
6/12/2017,144434,94846,117403
6/13/2017,140874,85554,116928
6/14/2017,125711,75613,108085
6/15/2017,128893,78059,111131
6/16/2017,116219,68726,100558
6/17/2017,114518,69795,98144
6/18/2017,117716,72037,101350
6/19/2017,135922,78328,116447
6/20/2017,151616,92075,127823
6/21/2017,127585,90089,75725
6/22/2017,149841,89360,117949
6/23/2017,141004,82559,115978
6/24/2017,129925,77939,105364
6/25/2017,118839,68879,93808
6/26/2017,161655,102449,126377
6/27/2017,131371,82094,103738
6/28/2017,134121,81096,109491
6/29/2017,128479,77162,107360
6/30/2017,125918,75721,102703
7/1/2017,118460,72178,94550
7/2/2017,116552,70247,94826
7/3/2017,139816,87207,113813
7/4/2017,137400,86377,107253
7/5/2017,126131,75556,103582
7/6/2017,123861,72799,103934
7/7/2017,141544,91070,111782
7/8/2017,114782,63489,97280
7/9/2017,106758,60670,89020
7/10/2017,136602,82854,111506
7/11/2017,137156,79359,114453
7/12/2017,132087,76878,107800
7/13/2017,117891,64635,99597
7/14/2017,116172,62948,99264
7/15/2017,107889,63100,90986
7/16/2017,114301,61232,99417
7/17/2017,116018,66678,98065
7/18/2017,124913,71930,106114
7/19/2017,128268,74626,106625
7/20/2017,123586,70092,103504
7/21/2017,116589,61959,100275
7/22/2017,100052,53556,84419
7/23/2017,134919,86303,96059
7/24/2017,118578,67537,100845
7/25/2017,115043,63234,99717
7/26/2017,107111,58912,91147
7/27/2017,113994,62728,95407
7/28/2017,116827,63849,99305
7/29/2017,96858,52403,85278
7/30/2017,108455,52838,94171
7/31/2017,135084,79659,104435
8/1/2017,106335,60164,91875
8/2/2017,111100,64945,94246
8/3/2017,109747,64518,92661
8/4/2017,121420,71796,101323
8/5/2017,119715,74476,99278
8/6/2017,118506,69967,100014
8/7/2017,129098,79241,107440
8/8/2017,148408,90294,125036
8/9/2017,134629,83024,112265
8/10/2017,154838,96726,130881
8/11/2017,155542,97324,131336
8/12/2017,148745,91122,122038
8/13/2017,143487,83223,123758
8/14/2017,181585,109739,157170
8/15/2017,179961,110943,150424
8/16/2017,178464,111148,146943
8/17/2017,183003,112519,151652
8/18/2017,190977,121847,155492
8/19/2017,167550,94861,136689
8/20/2017,142924,85369,111078
8/21/2017,175651,107023,143797
8/22/2017,161069,99008,125680
8/23/2017,173650,106001,139793
8/24/2017,156855,91010,131401
8/25/2017,167143,99520,136220
8/26/2017,135130,74622,113016
8/27/2017,139079,79514,118190
8/28/2017,162083,93872,134570
8/29/2017,176430,109274,142302
8/30/2017,186063,110221,151977
8/31/2017,188436,117304,150442
9/1/2017,179660,110887,144703
9/2/2017,153678,90131,127924
9/3/2017,139176,79133,115624
9/4/2017,205103,131747,156528
9/5/2017,196849,122120,159017
9/6/2017,209382,127322,170894
9/7/2017,189293,116155,148448
9/8/2017,196028,114649,158735
9/9/2017,166726,101916,133934
9/10/2017,150997,80432,126373
9/11/2017,173477,102914,136934
9/12/2017,196919,125664,152268
9/13/2017,171053,108807,130488
9/14/2017,191004,123989,140361
9/15/2017,205483,132991,164228
9/16/2017,156652,90924,128899
9/17/2017,137379,68603,116599
9/18/2017,179199,99542,146321
9/19/2017,163243,98521,130771
9/20/2017,149304,94595,119752
9/21/2017,143325,87011,118301
9/22/2017,121621,73201,101230
9/23/2017,121977,76864,93878
9/24/2017,124968,82678,95742
9/25/2017,137729,90409,106226
9/26/2017,131700,83226,104643
9/27/2017,136268,83120,110591
9/28/2017,148276,94611,114793
9/29/2017,157275,94935,113951
9/30/2017,137391,84594,101896
10/1/2017,125039,73202,99159
10/2/2017,141143,84804,112241
10/3/2017,141952,88539,112797
10/4/2017,130083,81424,104349
10/5/2017,135770,87219,106519
10/6/2017,133418,82348,107261
10/7/2017,128030,80277,99928
10/8/2017,129178,81155,102861
10/9/2017,135661,85010,109347
10/10/2017,154709,102440,121642
10/11/2017,156337,105055,112131
10/12/2017,154569,100929,120581
10/13/2017,171228,117016,133132
10/14/2017,146064,93163,114976
10/15/2017,140177,84389,113783
10/16/2017,144930,85490,117311
10/17/2017,190127,128391,127330
10/18/2017,165860,102853,127271
10/19/2017,157431,92370,129967
10/20/2017,170757,110607,130666
10/21/2017,161304,104675,130282
10/22/2017,187439,134249,115300
10/23/2017,167894,107199,135801
10/24/2017,170724,107759,138439
10/25/2017,154826,95840,125623
10/26/2017,163207,95611,134796
10/27/2017,155329,96833,125321
10/28/2017,146685,90134,117934
10/29/2017,154087,97040,120384
10/30/2017,166929,107189,131539
10/31/2017,183766,112772,147678
11/1/2017,203403,135825,145504
11/2/2017,221245,144288,162897
11/3/2017,187279,115114,146121
11/4/2017,151881,93122,113083
11/5/2017,151377,91437,114033
11/6/2017,175325,107385,135231
11/7/2017,176697,109020,135525
11/8/2017,190605,120057,146982
11/9/2017,191221,122768,148952
11/10/2017,189377,113268,152352
11/11/2017,160813,100902,124376
11/12/2017,184566,117244,150744
11/13/2017,181735,110816,146152
11/14/2017,200518,126232,156971
11/15/2017,223801,143225,179758
11/16/2017,203311,125820,159648
11/17/2017,213857,137719,165877
11/18/2017,184534,114398,148154
11/19/2017,190248,118899,149604
11/20/2017,220195,128400,177432
11/21/2017,218786,140724,176178
11/22/2017,221517,142280,177786
11/23/2017,226587,138218,180798
11/24/2017,218669,135055,177861
11/25/2017,217824,134523,172465
11/26/2017,221071,138700,174577
11/27/2017,261418,170477,205707
11/28/2017,279130,173676,224940
11/29/2017,300257,189342,243867
11/30/2017,286670,171516,236007
12/1/2017,269459,147037,224048
12/2/2017,271772,155188,220833
12/3/2017,294406,180680,226901
12/4/2017,277304,177775,224910
12/5/2017,291425,182058,228534
12/6/2017,382371,227563,326626
12/7/2017,292205,164814,237602
12/8/2017,334093,197191,252137
12/9/2017,314888,198454,218520
12/10/2017,316657,197029,225315
12/11/2017,383467,225404,287946
12/12/2017,413364,269052,306132
12/13/2017,439382,276821,342430
12/14/2017,464402,285412,371653
12/15/2017,428067,266103,335763
12/16/2017,403702,248903,319634
12/17/2017,401426,248403,319203
12/18/2017,470459,271349,383192
12/19/2017,503283,313549,401935
12/20/2017,493822,304270,406791
12/21/2017,538201,323748,451422
12/22/2017,568084,369948,436131
12/23/2017,451498,279741,354979
12/24/2017,346300,207793,285652
12/25/2017,359700,203255,299828
12/26/2017,397073,248866,312099
12/27/2017,425320,265828,357570
12/28/2017,452868,264821,385374
12/29/2017,544455,348326,440921
12/30/2017,582403,373525,483225
12/31/2017,440956,274472,360535
1/1/2018,453142,274866,351679
1/2/2018,588284,381987,462488
1/3/2018,631269,372792,547838
1/4/2018,704786,421218,601693
1/5/2018,692927,390914,599109
1/6/2018,659531,380378,562604
1/7/2018,599293,374340,471040
1/8/2018,645895,374290,544766
1/9/2018,701526,443475,529973
1/10/2018,645543,378573,544672
1/11/2018,650421,402250,532190
1/12/2018,593834,364108,475090
1/13/2018,631490,397956,465841
1/14/2018,579715,369591,407605
1/15/2018,694740,439245,486172
1/16/2018,719094,459969,534529
1/17/2018,703315,448657,529929
1/18/2018,669434,428112,488146
1/19/2018,529466,328496,393899
1/20/2018,450908,267255,358995
1/21/2018,582463,423348,338074
1/22/2018,496789,307354,396008
1/23/2018,459297,287685,365777
1/24/2018,438354,271247,356943
1/25/2018,358125,225352,265063
1/26/2018,463444,298305,363121
1/27/2018,401484,258113,302482
1/28/2018,419513,246574,345336
1/29/2018,453838,280032,360739
1/30/2018,433204,270508,348742
1/31/2018,435646,265854,351237
2/1/2018,487376,311871,388365
2/2/2018,480521,301930,398162
2/3/2018,387179,235325,309653
2/4/2018,391710,259210,296602
2/5/2018,421744,259990,341978
2/6/2018,426817,272869,348067
2/7/2018,392058,246837,304190
2/8/2018,320196,199621,232973
2/9/2018,370462,227997,291197
2/10/2018,390968,242370,315794
2/11/2018,347349,227673,259316
2/12/2018,395977,247301,312475
2/13/2018,337583,209270,266264
2/14/2018,356929,229604,264743
2/15/2018,369500,229412,278924
2/16/2018,312694,187920,248808
2/17/2018,318130,188706,252652
2/18/2018,314609,197106,238383
2/19/2018,356303,217434,275186
2/20/2018,378454,246145,290430
2/21/2018,351755,225400,267264
2/22/2018,329592,203588,254533
2/23/2018,315850,190464,245663
2/24/2018,282273,163370,221980
2/25/2018,282268,170315,215984
2/26/2018,350654,213680,270991
2/27/2018,334755,203648,260591
2/28/2018,358559,214769,275367
3/1/2018,328359,205014,251912
3/2/2018,336320,203084,258908
3/3/2018,294134,170362,231424
3/4/2018,273683,155900,215080
3/5/2018,342785,203038,264858
3/6/2018,345762,219802,249740
3/7/2018,448020,315285,261899
3/8/2018,329913,200702,247093
3/9/2018,317341,186519,256144
3/10/2018,296475,170074,221695
3/11/2018,270699,153027,202125
3/12/2018,312269,164650,249159
3/13/2018,319563,189913,231198
3/14/2018,342301,218961,242474
3/15/2018,319299,189838,250599
3/16/2018,300746,166720,241628
3/17/2018,272699,157987,210548
3/18/2018,309524,171542,246286
3/19/2018,347729,200098,254460
3/20/2018,310437,175859,232750
3/21/2018,322853,198848,233094
3/22/2018,305757,170035,229458
3/23/2018,362118,248015,227354
3/24/2018,323999,208072,210758
3/25/2018,240239,135543,187127
3/26/2018,299394,170235,234471
3/27/2018,277447,163863,214704
3/28/2018,264748,149891,205986
3/29/2018,286067,171238,217765
3/30/2018,304059,181637,222672
3/31/2018,259653,147966,199090
4/1/2018,242924,133825,189008
4/2/2018,273669,152747,212089
4/3/2018,297313,175867,224507
4/4/2018,278604,164286,210073
4/5/2018,323318,197618,235129
4/6/2018,297370,176831,225464
4/7/2018,257955,149994,196135
4/8/2018,277445,167267,203358
4/9/2018,300919,180354,221989
4/10/2018,274869,165664,202889
4/11/2018,283631,178623,200959
4/12/2018,320576,203437,234733
4/13/2018,325286,205635,244253
4/14/2018,275453,172213,200267
4/15/2018,281542,168919,208117
4/16/2018,299241,176420,227121
4/17/2018,319361,179419,250236
4/18/2018,304728,186787,226352
4/19/2018,337828,209555,245103
4/20/2018,354452,216651,265413
4/21/2018,363413,210105,272092
4/22/2018,377403,241722,251928
4/23/2018,400340,252677,274130
4/24/2018,398806,248925,291599
4/25/2018,354255,221845,262870
4/26/2018,348776,220798,247261
4/27/2018,333756,205503,243761
4/28/2018,336485,195375,247621
4/29/2018,311137,190791,229838
4/30/2018,351507,210258,264706
5/1/2018,318286,186493,240034
5/2/2018,354323,224567,256806
5/3/2018,386469,253062,275127
5/4/2018,638527,498394,274830
5/5/2018,389457,264847,240797
5/6/2018,367166,221734,258272
5/7/2018,396945,255624,259908
5/8/2018,395701,266250,257395
5/9/2018,383316,249052,275151
5/10/2018,384352,253547,271185
5/11/2018,381229,249105,274099
5/12/2018,372004,243240,257897
5/13/2018,350874,224430,249886
5/14/2018,389530,246413,280298
5/15/2018,394959,263311,257063
5/16/2018,404851,268384,263942
5/17/2018,405109,281118,272017
5/18/2018,407182,271784,281199
5/19/2018,419001,288466,276613
5/20/2018,376988,261748,239102
5/21/2018,389891,251726,260836
5/22/2018,417019,295141,249896
5/23/2018,401871,276032,282513
5/24/2018,410529,269044,274959
5/25/2018,386640,260993,256186
5/26/2018,370234,257894,230825
5/27/2018,393679,267036,250938
5/28/2018,438416,286734,296296
5/29/2018,401388,282606,262588
5/30/2018,404789,267951,275630
5/31/2018,410576,284268,258194
6/1/2018,365994,238235,255453
6/2/2018,394146,274338,239035
6/3/2018,408190,271126,251694
6/4/2018,388906,255755,261557
6/5/2018,374315,236878,262475
6/6/2018,368497,236170,250392
6/7/2018,395149,256205,253896
6/8/2018,357936,236246,230730
6/9/2018,382920,270598,217283
6/10/2018,388785,275975,220811
6/11/2018,384748,254262,243327
6/12/2018,337754,222655,227958
6/13/2018,358452,221123,254877
6/14/2018,362152,220697,254704
6/15/2018,378228,257879,234578
6/16/2018,299073,192639,195582
6/17/2018,316567,210035,204986
6/18/2018,329956,206288,225451
6/19/2018,364512,249609,224012
6/20/2018,375823,268665,219081
6/21/2018,369142,257650,225821
6/22/2018,374568,271429,228833
6/23/2018,330059,212581,219284
6/24/2018,341625,228880,216464
6/25/2018,479604,363093,218473
6/26/2018,366154,257876,199825
6/27/2018,375754,249655,223056
6/28/2018,387761,239542,248953
6/29/2018,367634,255775,217681
6/30/2018,249734,145656,179881
7/1/2018,194680,101288,151871
7/2/2018,233290,120112,183698
7/3/2018,229397,128265,175191
7/4/2018,227125,122170,173636
7/5/2018,248750,148463,178786
7/6/2018,216614,116179,170413
7/7/2018,213953,120802,159137
7/8/2018,268811,160709,184702
7/9/2018,285438,173594,201864
7/10/2018,287127,181742,198197
7/11/2018,266502,171487,180383
7/12/2018,250056,147581,179433
7/13/2018,233407,132236,173510
7/14/2018,226291,132231,153917
7/15/2018,225376,129664,158516
7/16/2018,328178,214256,220275
7/17/2018,337052,222856,221824
7/18/2018,390950,285265,222989
7/19/2018,358454,242881,222457
7/20/2018,329711,211531,218659
7/21/2018,281166,173743,195491
7/22/2018,323244,224003,199461
7/23/2018,385356,277484,207937
7/24/2018,408341,295071,222762
7/25/2018,409874,289146,226557
7/26/2018,368305,247892,228404
7/27/2018,402720,278263,230867
7/28/2018,361597,222254,229584
7/29/2018,350971,233145,219008
7/30/2018,368815,247366,236573
7/31/2018,367697,238813,238150
8/1/2018,368594,250108,232865
8/2/2018,363700,247007,206864
8/3/2018,387948,266566,219778
8/4/2018,335532,232422,195806
8/5/2018,315435,208959,199963
8/6/2018,342890,227712,213355
8/7/2018,310987,207789,202001
8/8/2018,272401,179614,194892
8/9/2018,264337,159659,195395
8/10/2018,300801,196532,202559
8/11/2018,327442,227510,198914
8/12/2018,325901,228037,192302
8/13/2018,342714,230194,212681
8/14/2018,325296,217539,214412
8/15/2018,318019,212240,198892
8/16/2018,345016,239564,202858
8/17/2018,301691,209386,182560
8/18/2018,294918,201122,165615
8/19/2018,289103,194986,159823
8/20/2018,323289,218272,193424
8/21/2018,286021,178965,184062
8/22/2018,295215,192835,178041
8/23/2018,292230,180485,183416
8/24/2018,306331,206680,170635
8/25/2018,292298,194621,166204
8/26/2018,303181,206678,169205
8/27/2018,322122,221406,178532
8/28/2018,313813,192952,203644
8/29/2018,258943,168646,161936
8/30/2018,276281,173634,183849
8/31/2018,280263,181733,177212
9/1/2018,310363,208619,195624
9/2/2018,318098,213620,194407
9/3/2018,320342,216319,201397
9/4/2018,299260,202952,179591
9/5/2018,306687,204346,191871
9/6/2018,293095,183003,197723
9/7/2018,296254,193753,182954
9/8/2018,277065,186430,162469
9/9/2018,279793,187563,161889
9/10/2018,273426,181269,174321
9/11/2018,250196,158315,174162
9/12/2018,250193,161244,177216
9/13/2018,266722,171553,179168
9/14/2018,241301,155370,165963
9/15/2018,210966,126179,149215
9/16/2018,209731,124426,146693
9/17/2018,254633,160897,172253
9/18/2018,225909,140097,159422
9/19/2018,217448,134325,156823
9/20/2018,234017,145261,168232
9/21/2018,246240,154444,179800
9/22/2018,217765,135525,149903
9/23/2018,215114,137183,145515
9/24/2018,217869,135090,150687
9/25/2018,230534,143008,161144
9/26/2018,215167,129632,157584
9/27/2018,235021,134904,170805
9/28/2018,237297,131149,178864
9/29/2018,201920,116771,146855
9/30/2018,231317,146774,157851
10/1/2018,222643,127722,163737
10/2/2018,219857,123841,160202
10/3/2018,259694,174634,156475
10/4/2018,269798,172500,171618
10/5/2018,285833,197049,169674
10/6/2018,284751,196658,173451
10/7/2018,231586,150725,149955
10/8/2018,251484,163811,165089
10/9/2018,255082,172027,157750
10/10/2018,246001,156499,158311
10/11/2018,260510,171655,166534
10/12/2018,255527,162181,162888
10/13/2018,252756,168665,147497
10/14/2018,237995,149668,150938
10/15/2018,268108,172454,175914
10/16/2018,276793,180238,175339
10/17/2018,283209,193330,169528
10/18/2018,269713,173322,167324
10/19/2018,264054,175434,162492
10/20/2018,255542,165410,164881
10/21/2018,244530,157068,150874
10/22/2018,284592,187926,173349
10/23/2018,271429,177063,168174
10/24/2018,273468,179530,168852
10/25/2018,260627,171034,167376
10/26/2018,269457,176675,168404
10/27/2018,245069,162407,145110
10/28/2018,247335,143445,169854
10/29/2018,293856,192604,181990
10/30/2018,302838,197381,184489
10/31/2018,295978,190073,188062
11/1/2018,274530,170343,183072
11/2/2018,239953,145802,169082
11/3/2018,231302,142399,155987
11/4/2018,238198,149941,155116
11/5/2018,264180,169366,182030
11/6/2018,253403,164016,175100
11/7/2018,239804,145758,174466
11/8/2018,234637,143971,167980
11/9/2018,259704,166806,167533
11/10/2018,240780,151171,156262
11/11/2018,265503,174648,165631
11/12/2018,262680,168474,170909
11/13/2018,250433,157552,169423
11/14/2018,259730,170439,176195
11/15/2018,250766,162047,175957
11/16/2018,241016,152296,170244
11/17/2018,221406,138414,155735
11/18/2018,216845,133266,147332
11/19/2018,292342,205686,177683
11/20/2018,266500,179409,188654
11/21/2018,235548,152401,168217
11/22/2018,230275,151104,156300
11/23/2018,230964,151266,161554
11/24/2018,205019,132718,141198
11/25/2018,223133,147337,160250
11/26/2018,235607,154101,159493
11/27/2018,224852,148349,153930
11/28/2018,249355,153228,182007
11/29/2018,221155,139939,160805
11/30/2018,236868,154881,167334
12/1/2018,216397,133357,150229
12/2/2018,208558,132122,140635
12/3/2018,223148,143838,157446
12/4/2018,217979,137585,155263
12/5/2018,235788,156409,159728
12/6/2018,232183,149322,163171
12/7/2018,246293,166672,166579
12/8/2018,259985,184804,157619
12/9/2018,229165,153463,154398
12/10/2018,254919,158795,175048
12/11/2018,221500,146046,152459
12/12/2018,222636,151945,147198
12/13/2018,224605,148425,152766
12/14/2018,225717,148869,155025
12/15/2018,232086,161896,150849
12/16/2018,235005,161571,168400
12/17/2018,236333,156778,163013
12/18/2018,223395,144162,156280
12/19/2018,245097,166388,163977
12/20/2018,246086,167251,164131
12/21/2018,241999,158889,163461
12/22/2018,202438,128889,141139
12/23/2018,227784,149885,150586
12/24/2018,252832,161392,175995
12/25/2018,227288,151206,146113
12/26/2018,233172,160624,145711
12/27/2018,238363,164942,146541
12/28/2018,248362,164509,166825
12/29/2018,242319,173014,146515
12/30/2018,207808,140079,137623
12/31/2018,226013,155403,141695
1/1/2019,201242,135734,127592
1/2/2019,240316,165887,150981
1/3/2019,259752,183856,153289
1/4/2019,228945,157214,148502
1/5/2019,216107,146872,141315
1/6/2019,221028,150961,139149
1/7/2019,249640,167336,160430
1/8/2019,246656,172132,159019
1/9/2019,248538,169040,162443
1/10/2019,243553,164827,162471
1/11/2019,235447,163141,148627
1/12/2019,189309,122361,128672
1/13/2019,198740,128361,139811
1/14/2019,271125,195302,151241
1/15/2019,245116,172573,147122
1/16/2019,216883,144089,143390
1/17/2019,216437,145169,141741
1/18/2019,217354,146986,146564
1/19/2019,208201,138168,137895
1/20/2019,196352,132806,131013
1/21/2019,215040,143304,142811
1/22/2019,207146,136438,140787
1/23/2019,215198,147626,142880
1/24/2019,209817,145665,136004
1/25/2019,213051,146123,142498
1/26/2019,196601,123843,136592
1/27/2019,201501,140118,140496
1/28/2019,242450,162901,159521
1/29/2019,219778,152733,142820
1/30/2019,208898,139512,144660
1/31/2019,208575,142724,140651
2/1/2019,204710,137469,136113
2/2/2019,183802,116852,125229
2/3/2019,169639,107546,115155
2/4/2019,166444,101681,116723
2/5/2019,168852,104858,115426
2/6/2019,173441,104705,123242
2/7/2019,169031,105025,117004
2/8/2019,186134,123866,122525
2/9/2019,170698,107532,116914
2/10/2019,157443,98713,107878
2/11/2019,179265,117185,120302
2/12/2019,184724,116886,128657
2/13/2019,189676,123583,132790
2/14/2019,189326,126718,128807
2/15/2019,193086,128615,130435
2/16/2019,183084,119855,124045
2/17/2019,178009,117429,120731
2/18/2019,225128,153474,149765
2/19/2019,221282,144299,151262
2/20/2019,204143,136466,136366
2/21/2019,195510,127436,133799
2/22/2019,200174,132887,136055
2/23/2019,190617,127247,126042
2/24/2019,203517,135170,137481
2/25/2019,210843,131925,148973
2/26/2019,210536,139462,141785
2/27/2019,215537,147111,138705
2/28/2019,222464,138333,155358
3/1/2019,226903,157482,136088
3/2/2019,209048,141435,127345
3/3/2019,195215,129596,120594
3/4/2019,228703,150457,148883
3/5/2019,227650,158625,144826
3/6/2019,226990,157212,143718
3/7/2019,226430,155132,143902
3/8/2019,227294,153035,146450
3/9/2019,225885,156996,136618
3/10/2019,191094,124973,126826
3/11/2019,207488,138448,137612
3/12/2019,228995,156167,145520
3/13/2019,221923,150840,143480
3/14/2019,229351,150913,150793
3/15/2019,215939,150049,141186
3/16/2019,194194,127366,134766
3/17/2019,203611,132446,136047
3/18/2019,230509,162048,149406
3/19/2019,235541,169132,151043
3/20/2019,231451,168414,160127
3/21/2019,218233,153596,148418
3/22/2019,221901,158476,150875
3/23/2019,205414,148541,133869
3/24/2019,202948,144864,137104
3/25/2019,256346,187066,159576
3/26/2019,244908,179973,158353
3/27/2019,232654,167735,160912
3/28/2019,242150,171619,170272
3/29/2019,236469,172285,163260
3/30/2019,232552,164481,159219
3/31/2019,221983,158569,148080
4/1/2019,280846,201017,188344
4/2/2019,313817,235324,193547
4/3/2019,294028,217768,199211
4/4/2019,261752,192688,168489
4/5/2019,253156,185488,155487
4/6/2019,223399,159376,144717
4/7/2019,234639,168345,154367
4/8/2019,264757,192401,181128
4/9/2019,265719,196651,170770
4/10/2019,251030,177955,174279
4/11/2019,285567,216582,175978
4/12/2019,298897,233426,156037
4/13/2019,250838,186656,143586
4/14/2019,206936,143346,139660
4/15/2019,250824,176799,167591
4/16/2019,248545,171578,171328
4/17/2019,255422,178250,168502
4/18/2019,259251,189068,163243
4/19/2019,283516,207530,171200
4/20/2019,334013,268390,154383
4/21/2019,271588,202821,172137
4/22/2019,285357,199284,196363
4/23/2019,292291,217898,183166
4/24/2019,268331,198779,172817
4/25/2019,254890,189268,170585
4/26/2019,250912,180112,172613
4/27/2019,216654,154787,140881
4/28/2019,222821,156342,152289
4/29/2019,244532,170040,163728
4/30/2019,265663,193979,170643
5/1/2019,265155,196783,175465
5/2/2019,226927,158976,159322
5/3/2019,239884,173774,163632
5/4/2019,220076,157037,150639
5/5/2019,224749,166330,150252
5/6/2019,247412,176380,173603
5/7/2019,245550,174171,175008
5/8/2019,249532,177773,172819
5/9/2019,255100,189168,169991
5/10/2019,265936,195147,181485
5/11/2019,262147,196315,175449
5/12/2019,252855,188596,168867
5/13/2019,289871,212634,202501
5/14/2019,320062,237811,219549
5/15/2019,336620,246244,242480
5/16/2019,362643,263577,254023
5/17/2019,323447,233620,223154
5/18/2019,288235,210610,194382
5/19/2019,282300,206291,180748
5/20/2019,305207,222817,200037
5/21/2019,328977,238840,218696
5/22/2019,305248,220629,204617
5/23/2019,309980,224739,203102
5/24/2019,318787,235089,205049
5/25/2019,293269,217246,188962
5/26/2019,287280,211793,178522
5/27/2019,341835,256429,227812
5/28/2019,329066,239014,230778
5/29/2019,330314,244926,236069
5/30/2019,332460,243970,221801
5/31/2019,356404,265127,227931
6/1/2019,453438,335814,246666
6/2/2019,410509,258429,272013
6/3/2019,366278,237843,254113
6/4/2019,327772,245237,204699
6/5/2019,296171,220957,187170
6/6/2019,368214,285798,190656
6/7/2019,270675,195934,172980
6/8/2019,251606,186530,155042
6/9/2019,307050,239642,160455
6/10/2019,291296,219017,173843
6/11/2019,357716,285275,175674
6/12/2019,450835,379140,175850
6/13/2019,326375,251005,196774
6/14/2019,317465,241199,193791
6/15/2019,310865,232835,228024
6/16/2019,418534,343882,223747
6/17/2019,296447,219556,192571
6/18/2019,317144,232195,201866
6/19/2019,308763,225050,196256
6/20/2019,287217,207850,189142
6/21/2019,341967,263751,201663
6/22/2019,328400,252761,202478
6/23/2019,302063,231486,179403
6/24/2019,323384,242331,208238
6/25/2019,323790,242531,204237
6/26/2019,358138,277627,228343
6/27/2019,324132,240819,219908
6/28/2019,299852,219619,201524
6/29/2019,281218,212647,185798
6/30/2019,258711,187553,173575
7/1/2019,293928,212787,192178
7/2/2019,352011,276388,184306
7/3/2019,325321,252567,189650
7/4/2019,318175,243525,180283
7/5/2019,291322,223727,162530
7/6/2019,269958,204291,150193
7/7/2019,245114,176693,151163
7/8/2019,298845,223436,175956
7/9/2019,319067,243354,185645
7/10/2019,303260,224482,181501
7/11/2019,282704,204716,176719
7/12/2019,301034,226778,176204
7/13/2019,241032,175470,144131
7/14/2019,252370,182150,159933
7/15/2019,301200,223614,183300
7/16/2019,241843,167836,166323
7/17/2019,286567,212531,182535
7/18/2019,273646,202375,166640
7/19/2019,270643,208435,155476
7/20/2019,239642,175025,147569
7/21/2019,217168,158932,133315
7/22/2019,278790,185911,181629
7/23/2019,241417,175660,158326
7/24/2019,228786,163977,150687
7/25/2019,233019,171650,147804
7/26/2019,258260,193853,157649
7/27/2019,244359,183581,157309
7/28/2019,241052,175714,154914
7/29/2019,266938,194275,164317
7/30/2019,302784,231895,171665
7/31/2019,261034,192339,166916
8/1/2019,247715,176407,166912
8/2/2019,269576,202374,164871
8/3/2019,226728,162010,149165
8/4/2019,239596,175035,143678
8/5/2019,302804,230537,182972
8/6/2019,314606,240780,196931
8/7/2019,281041,209321,179840
8/8/2019,275946,213040,164406
8/9/2019,290546,221345,174698
8/10/2019,272786,206305,159282
8/11/2019,241555,181987,152900
8/12/2019,300812,241695,171273
8/13/2019,287455,210751,186453
8/14/2019,286631,220037,182422
8/15/2019,263277,194684,174651
8/16/2019,296649,219878,177870
8/17/2019,255735,179065,164326
8/18/2019,243308,179628,149968
8/19/2019,274854,210291,170635
8/20/2019,287930,218875,182397
8/21/2019,293226,219927,190462
8/22/2019,283282,212934,175115
8/23/2019,293564,226519,173821
8/24/2019,268405,205294,157878
8/25/2019,259689,196810,151747
8/26/2019,287659,222499,170852
8/27/2019,290429,225536,166569
8/28/2019,279699,212133,165294
8/29/2019,285377,214547,171792
8/30/2019,272237,207292,161186
8/31/2019,258612,194124,151537
9/1/2019,249205,191483,139878
9/2/2019,294276,230213,161900
9/3/2019,284649,223411,162079
9/4/2019,278394,220915,152319
9/5/2019,308599,241754,171065
9/6/2019,300690,230681,175349
9/7/2019,268616,208010,154761
9/8/2019,264839,204750,152038
9/9/2019,302061,234466,172609
9/10/2019,282200,210418,158553
9/11/2019,284770,214969,166494
9/12/2019,286828,221270,169792
9/13/2019,253825,192883,148283
9/14/2019,254716,195676,149517
9/15/2019,262165,200342,150762
9/16/2019,295705,230634,174431
9/17/2019,280974,219109,159148
9/18/2019,286033,220930,165769
9/19/2019,274872,217168,152109
9/20/2019,289748,224810,175721
9/21/2019,229948,174247,140087
9/22/2019,217817,161802,132595
9/23/2019,232918,169085,147508
9/24/2019,270860,195568,171138
9/25/2019,254418,181729,168238
9/26/2019,246414,183844,149571
9/27/2019,242952,182833,147329
9/28/2019,235064,177582,133508
9/29/2019,210003,157304,129887
9/30/2019,249904,189906,149642
10/1/2019,254363,196926,140289
10/2/2019,250918,192702,136657
10/3/2019,221114,167070,132282
10/4/2019,217121,164523,129572
10/5/2019,227957,171705,134115
10/6/2019,217326,165986,122007
10/7/2019,235030,178427,144493
10/8/2019,252556,188596,153140
10/9/2019,279085,220596,165391
10/10/2019,266237,209369,154925
10/11/2019,265384,212022,145866
10/12/2019,234523,182023,132932
10/13/2019,213459,164534,125881
10/14/2019,240329,186829,142151
10/15/2019,253394,194524,154097
10/16/2019,244381,190031,143033
10/17/2019,242413,188901,142901
10/18/2019,268990,208511,161226
10/19/2019,240435,188899,146646
10/20/2019,220164,170398,130249
10/21/2019,245725,189322,151339
10/22/2019,251041,191582,148104
10/23/2019,244335,188855,148509
10/24/2019,243599,188745,143507
10/25/2019,253161,200617,145651
10/26/2019,251539,198347,145315
10/27/2019,223638,171497,134570
10/28/2019,255089,197838,152078
10/29/2019,252475,193002,150683
10/30/2019,250165,193618,146791
10/31/2019,248708,192558,147010
11/1/2019,248286,193689,139541
11/2/2019,216218,165519,125263
11/3/2019,208579,159710,119898
11/4/2019,238737,183840,139407
11/5/2019,271119,214877,151368
11/6/2019,250135,194333,146530
11/7/2019,320428,264438,145023
11/8/2019,253164,195978,146741
11/9/2019,213528,165355,127477
11/10/2019,234323,180311,129864
11/11/2019,263983,199172,157815
11/12/2019,265564,211467,144597
11/13/2019,258872,206844,147298
11/14/2019,249005,189695,151826
11/15/2019,239616,186461,139848
11/16/2019,214086,165159,122591
11/17/2019,223144,176832,117300
11/18/2019,248950,194341,141679
11/19/2019,249615,193183,145939
11/20/2019,238121,186688,136213
11/21/2019,267383,209649,162033
11/22/2019,280676,225652,152649
11/23/2019,218205,170061,124164
11/24/2019,199230,151191,114405
11/25/2019,250899,196239,151886
11/26/2019,227111,177683,129870
11/27/2019,220028,172054,126835
11/28/2019,218051,168613,124479
11/29/2019,241357,192510,126893
11/30/2019,203889,155004,116329
12/1/2019,213993,164768,129962
12/2/2019,257160,204789,146954
12/3/2019,226579,177379,134179
12/4/2019,229449,180791,132981
12/5/2019,228483,178283,129616
12/6/2019,217424,169103,124333
12/7/2019,182857,138856,104914
12/8/2019,170279,125421,92083
12/9/2019,242778,193267,134751
12/10/2019,226996,177445,127426
12/11/2019,226600,178868,123961
12/12/2019,218010,171975,123829
12/13/2019,220835,174064,125524
12/14/2019,191317,146811,107350
12/15/2019,194200,149564,108307
12/16/2019,228429,180305,128574
12/17/2019,218525,169385,128292
12/18/2019,232508,179450,136609
12/19/2019,221187,175939,121368
12/20/2019,219889,171799,123866
12/21/2019,198982,156829,102080
12/22/2019,186103,143602,99611
12/23/2019,220156,175097,120706
12/24/2019,203462,159682,112904
12/25/2019,194669,150982,104794
12/26/2019,208979,165859,120738
12/27/2019,203107,159729,111758
12/28/2019,187220,145033,101807
12/29/2019,173979,134423,95156
12/30/2019,219393,173853,114715
12/31/2019,193210,149836,109546
1/1/2020,159295,121990,90611
1/2/2020,175870,133818,99904
1/3/2020,210313,160010,124178
1/4/2020,199485,152368,114321
1/5/2020,189356,142715,107946
1/6/2020,221194,171432,124719
1/7/2020,223978,173444,125023
1/8/2020,233165,185234,125266
1/9/2020,231043,179860,128215
1/10/2020,213327,165961,122895
1/11/2020,196334,152099,114093
1/12/2020,180291,138615,104213
1/13/2020,211198,155727,125012
1/14/2020,244672,193421,135455
1/15/2020,252357,198936,143001
1/16/2020,260751,212693,144533
1/17/2020,235030,185957,136233
1/18/2020,225981,180231,124346
1/19/2020,217486,173906,117151
1/20/2020,216195,170447,119153
1/21/2020,213559,167246,120615
1/22/2020,196159,151024,115060
1/23/2020,216593,173711,107802
1/24/2020,176400,132882,101334
1/25/2020,170004,112956,103040
1/26/2020,152762,113679,86368
1/27/2020,184994,135477,108786
1/28/2020,191040,145987,107455
1/29/2020,199301,150940,115045
1/30/2020,197856,150134,115132
1/31/2020,204915,157985,116201
2/1/2020,193441,149327,111230
2/2/2020,189157,143245,110340
2/3/2020,236771,186028,123608
2/4/2020,203217,153678,118989
2/5/2020,233597,181351,129442
2/6/2020,234097,179226,136405
2/7/2020,242823,186639,140192
2/8/2020,255952,199505,141166
2/9/2020,258669,202804,141365
2/10/2020,250070,193155,145091
2/11/2020,269185,211442,154846
2/12/2020,319502,251919,190075
2/13/2020,294591,234894,170822
2/14/2020,273148,214840,150954
2/15/2020,261633,205742,143001
2/16/2020,244904,193863,129289
2/17/2020,260991,206710,138926
2/18/2020,274683,214917,151091
2/19/2020,255674,200172,144191
2/20/2020,252827,196262,139978
2/21/2020,260236,207197,139306
2/22/2020,252009,200928,121654
2/23/2020,263919,211631,123649
2/24/2020,270231,215341,138143
2/25/2020,244813,184107,146815
2/26/2020,254217,194826,152733
2/27/2020,263926,206938,148700
2/28/2020,255388,201090,147977
2/29/2020,230535,181134,130474
3/1/2020,225778,164640,139123
3/2/2020,262282,208304,143585
3/3/2020,233347,178167,141119
3/4/2020,246396,191304,144742
3/5/2020,269351,213514,146485
3/6/2020,248086,191627,145841
3/7/2020,230664,176153,136546
3/8/2020,225432,171451,134887
3/9/2020,264282,207178,156671
3/10/2020,251935,194439,148693
3/11/2020,247909,191482,143288
3/12/2020,250268,181353,159099
3/13/2020,290208,216029,191217
3/14/2020,248510,190324,140914
3/15/2020,231787,178847,132999
3/16/2020,272475,210972,164158
3/17/2020,273313,212677,156324
3/18/2020,302391,240426,150890
3/19/2020,362517,291556,169439
3/20/2020,328086,259075,170245
3/21/2020,390368,336979,171758
3/22/2020,295480,247115,158919
3/23/2020,316061,262494,170939
3/24/2020,309222,255819,151370
3/25/2020,284832,231168,146412
3/26/2020,295289,243484,144821
3/27/2020,296964,245450,142552
3/28/2020,243402,193427,132499
3/29/2020,225262,177228,121520
3/30/2020,269242,206151,155494
3/31/2020,256569,200329,155106
4/1/2020,249259,198799,138163
4/2/2020,264406,208537,150413
4/3/2020,267880,209214,154354
4/4/2020,232113,179652,134255
4/5/2020,224338,171935,132248
4/6/2020,288424,208169,179886
4/7/2020,276395,216751,160814
4/8/2020,342424,286279,155396
4/9/2020,275384,216239,155812
4/10/2020,269522,215977,154365
4/11/2020,249382,197358,139937
4/12/2020,261362,211566,139673
4/13/2020,286794,235137,148592
4/14/2020,327012,270969,157865
4/15/2020,300348,245738,159536
4/16/2020,283483,228367,167470
4/17/2020,304620,246944,165726
4/18/2020,309901,253461,167055
4/19/2020,292100,240382,156733
4/20/2020,318477,257525,179637
4/21/2020,308759,240885,181065
4/22/2020,300954,229105,184046
4/23/2020,325328,253968,194900
4/24/2020,333566,259811,197903
4/25/2020,302047,237080,183064
4/26/2020,299059,233374,181947
4/27/2020,321281,251804,195228
4/28/2020,322149,251121,188682
4/29/2020,345258,262573,217238
4/30/2020,339669,264813,212385
5/1/2020,327622,256097,190106
5/2/2020,313649,254439,166112
5/3/2020,330025,266775,168171
5/4/2020,298027,235794,180134
5/5/2020,296348,234474,172946
5/6/2020,315688,251782,183894
5/7/2020,326720,250868,199199
5/8/2020,333175,257527,206699
5/9/2020,341423,272957,197611
5/10/2020,331001,256070,204907
5/11/2020,332262,259685,202809
5/12/2020,315933,245341,199037
5/13/2020,293787,221815,189980
5/14/2020,297910,223337,197270
5/15/2020,319069,246365,201039
5/16/2020,310647,241880,186408
5/17/2020,297580,227262,183865
5/18/2020,318949,242616,203342
5/19/2020,328912,252710,199722
5/20/2020,321358,242522,203856
5/21/2020,326301,244204,213316
5/22/2020,337403,253674,215320
5/23/2020,333005,261840,193504
5/24/2020,300696,231304,184177
5/25/2020,317561,238839,201551
5/26/2020,335851,254890,216220
5/27/2020,332968,259582,220749
5/28/2020,340054,267558,220013
5/29/2020,374674,303570,220263
5/30/2020,346995,277960,213042
5/31/2020,328248,262815,198581
6/1/2020,355227,280897,226840
6/2/2020,388814,310760,238820
6/3/2020,352013,280355,208847
6/4/2020,366835,291466,219370
6/5/2020,347352,271335,210192
6/6/2020,332189,250853,199382
6/7/2020,317232,233340,201189
6/8/2020,369337,274452,234984
6/9/2020,361895,296522,200431
6/10/2020,348050,281055,206477
6/11/2020,349349,280948,211093
6/12/2020,364656,301559,202240
6/13/2020,343521,285163,177887
6/14/2020,318564,261300,170853
6/15/2020,356076,281882,218401
6/16/2020,352652,289000,208027
6/17/2020,346857,280770,214563
6/18/2020,374782,312862,207533
6/19/2020,363156,298705,213562
6/20/2020,366642,308339,198430
6/21/2020,350978,293195,194296
6/22/2020,385734,316092,227925
6/23/2020,401405,330210,235246
6/24/2020,381492,314207,233177
6/25/2020,377998,308736,232902
6/26/2020,380731,314987,231576
6/27/2020,375433,314110,220254
6/28/2020,384846,323988,198990
6/29/2020,445326,377156,212832
6/30/2020,424414,346557,239677
7/1/2020,411699,336182,235283
7/2/2020,406711,334668,225451
7/3/2020,388347,317932,222472
7/4/2020,384319,318908,198786
7/5/2020,344150,278599,190341
7/6/2020,382756,307643,226874
7/7/2020,406188,332866,232298
7/8/2020,406388,326817,245164
7/9/2020,404057,327312,239570
7/10/2020,385148,313725,226656
7/11/2020,391142,320248,212623
7/12/2020,372090,302386,208949
7/13/2020,422083,340610,256923
7/14/2020,418471,332054,258664
7/15/2020,436128,356002,247977
7/16/2020,394000,316742,249336
7/17/2020,385733,313378,244623
7/18/2020,362714,291192,222550
7/19/2020,375637,306577,211743
7/20/2020,413162,332084,241703
7/21/2020,377815,294927,245359
7/22/2020,397424,314727,247018
7/23/2020,414992,324451,264147
7/24/2020,392813,307539,249821
7/25/2020,414293,327797,254128
7/26/2020,415912,327085,256625
7/27/2020,452901,349959,295493
7/28/2020,484572,388301,290967
7/29/2020,412271,324071,257205
7/30/2020,417721,335018,257820
7/31/2020,424884,336913,266482
8/1/2020,444440,355871,261917
8/2/2020,429791,337038,266891
8/3/2020,447624,352199,272133
8/4/2020,457094,364565,268721
8/5/2020,461384,367159,275896
8/6/2020,465284,376641,274317
8/7/2020,441552,351170,283022
8/8/2020,417797,338630,247085
8/9/2020,391435,312459,245456
8/10/2020,411595,316283,281026
8/11/2020,405350,306646,273858
8/12/2020,351422,239533,259385
8/13/2020,377816,273889,265791
8/14/2020,391305,288549,259178
8/15/2020,402008,311321,241429
8/16/2020,396728,310455,238982
8/17/2020,398428,302595,252291
8/18/2020,388973,294554,251937
8/19/2020,396285,306627,250570
8/20/2020,394016,304315,241162
8/21/2020,418943,326515,279626
8/22/2020,377006,294112,232972
8/23/2020,391132,314108,235275
8/24/2020,397914,312163,239686
8/25/2020,385868,298839,249162
8/26/2020,397722,312148,245435
8/27/2020,391712,308659,238123
8/28/2020,370248,286630,228786
8/29/2020,341047,264507,214016
8/30/2020,316417,228034,222136
8/31/2020,371267,270946,263141
9/1/2020,367221,252935,269732
9/2/2020,349031,240138,252620
9/3/2020,351151,246372,247128
9/4/2020,393339,295633,243168
9/5/2020,315690,225774,208710
9/6/2020,347957,263183,205163
9/7/2020,352857,270789,205342
9/8/2020,343663,261635,196983
9/9/2020,320893,240184,199228
9/10/2020,316192,231248,205610
9/11/2020,311490,229502,199177
9/12/2020,312900,235001,188265
9/13/2020,291066,219035,179044
9/14/2020,313934,231104,203142
9/15/2020,340740,256338,209872
9/16/2020,316213,235631,199538
9/17/2020,445217,340570,320155
9/18/2020,428743,325762,276293
9/19/2020,379637,294928,214501
9/20/2020,402408,324285,210133
9/21/2020,401767,315123,224427
9/22/2020,367103,284314,214855
9/23/2020,377128,294431,207369
9/24/2020,392544,311328,212072
9/25/2020,358513,280483,204365
9/26/2020,357624,283461,180909
9/27/2020,348447,276790,179641
9/28/2020,370708,286239,213931
9/29/2020,370761,288447,215760
9/30/2020,368437,286783,223127
10/1/2020,361319,281599,197649
10/2/2020,352205,274049,191370
10/3/2020,328233,256979,177154
10/4/2020,339462,270853,172232
10/5/2020,328559,251083,191006
10/6/2020,350221,268038,201964
10/7/2020,352705,277220,190336
10/8/2020,349359,273049,190894
10/9/2020,374349,295119,203554
10/10/2020,365867,293311,198208
10/11/2020,356874,285525,189265
10/12/2020,371009,292939,204975
10/13/2020,405963,326903,212378
10/14/2020,393764,315375,213524
10/15/2020,533511,446866,268901
10/16/2020,483916,402238,243321
10/17/2020,431067,354468,217000
10/18/2020,367266,297272,192836
10/19/2020,396357,319047,215929
10/20/2020,389225,308966,224568
10/21/2020,421969,334545,254308
10/22/2020,452632,366664,267801
10/23/2020,430670,348025,259733
10/24/2020,394318,318974,206861
10/25/2020,350599,276177,198483
10/26/2020,382457,300969,220035
10/27/2020,386285,303401,220782
10/28/2020,409334,325468,228434
10/29/2020,377289,294231,230600
10/30/2020,390866,310398,231751
10/31/2020,411117,331932,233890
11/1/2020,383398,307001,215121
11/2/2020,416670,330400,242132
11/3/2020,410326,326256,235392
11/4/2020,465901,384025,226674
11/5/2020,426633,338757,235380
11/6/2020,459937,368222,257828
11/7/2020,433313,351557,231675
11/8/2020,397032,319703,213602
11/9/2020,431764,350860,230455
11/10/2020,417243,334163,235984
11/11/2020,427869,342621,236337
11/12/2020,409178,324161,228187
11/13/2020,426682,338420,243514
11/14/2020,425066,346474,218112
11/15/2020,385068,311005,203575
11/16/2020,417196,333239,227418
11/17/2020,435594,344458,262656
11/18/2020,416577,323275,260593
11/19/2020,436937,328301,266380
11/20/2020,442114,350677,272013
11/21/2020,464448,368624,271021
11/22/2020,451267,360119,257725
11/23/2020,469915,367072,276191
11/24/2020,460524,354143,289803
11/25/2020,477885,378494,277968
11/26/2020,417612,323721,253156
11/27/2020,446478,363813,216578
11/28/2020,408303,330592,200466
11/29/2020,440192,361916,193149
11/30/2020,430099,337220,244561
12/1/2020,438073,341551,253918
12/2/2020,403142,314995,219554
12/3/2020,410608,321281,226186
12/4/2020,410141,324670,231599
12/5/2020,401719,318912,218993
12/6/2020,376885,300761,195823
12/7/2020,395197,312575,217167
12/8/2020,403949,318398,229610
12/9/2020,401998,315347,233392
12/10/2020,381124,298899,220585
12/11/2020,403955,317328,238648
12/12/2020,425305,339044,268434
12/13/2020,453642,352728,302990
12/14/2020,470822,368932,312073
12/15/2020,444755,350976,294958
12/16/2020,488008,387350,307021
12/17/2020,537242,422760,321536
12/18/2020,476663,382246,290730
12/19/2020,477560,389997,238806
12/20/2020,404962,318293,222459
12/21/2020,403845,313576,237443
12/22/2020,407729,315935,241073
12/23/2020,458030,358043,277171
12/24/2020,426189,326021,259093
12/25/2020,401214,316684,236823
12/26/2020,407771,321456,236751
12/27/2020,429897,330475,260301
12/28/2020,465651,353418,283579
12/29/2020,452769,346070,274600
12/30/2020,451586,346682,269313
12/31/2020,426829,328207,261071
1/1/2021,446762,353464,242191
1/2/2021,424287,318880,268855
1/3/2021,494406,358951,319015
1/4/2021,516263,362647,351786
1/5/2021,509462,373948,325937
1/6/2021,535915,395280,339755
1/7/2021,574823,421120,348378
1/8/2021,535635,392830,339836
1/9/2021,540285,412619,310567
1/10/2021,528656,399415,309137
1/11/2021,517725,378897,324847
1/12/2021,470632,350226,292849
1/13/2021,461854,348454,276599
1/14/2021,491628,369591,296349
1/15/2021,508947,392369,299322
1/16/2021,495600,382875,290770
1/17/2021,460716,357034,262995
1/18/2021,485360,371075,291205
1/19/2021,513876,382214,320519
1/20/2021,495988,375040,293798
1/21/2021,454587,336305,282580
1/22/2021,453378,333798,288007
1/23/2021,452831,349741,261366
1/24/2021,447566,337412,270616
1/25/2021,469768,341994,305992
1/26/2021,479431,362068,285319
1/27/2021,430742,315701,276955
1/28/2021,480759,352705,317461
1/29/2021,531973,386797,365069
1/30/2021,504767,374001,327268
1/31/2021,483761,353665,323369
2/1/2021,504674,362817,346409
2/2/2021,523487,372984,356372
2/3/2021,552085,392793,366885
2/4/2021,538660,376425,368400
2/5/2021,527200,362754,378187
2/6/2021,508149,355998,348401
2/7/2021,506071,358796,338433
2/8/2021,528317,370797,355610
2/9/2021,539343,375842,373290
2/10/2021,545138,371874,388241
2/11/2021,535331,383053,353903
2/12/2021,525546,377478,355812
2/13/2021,497216,358700,348403
2/14/2021,475906,346296,321152
2/15/2021,483580,333114,317900
2/16/2021,504943,365116,344632
2/17/2021,514955,370631,332789
2/18/2021,534220,372884,371730
2/19/2021,560058,395536,378085
2/20/2021,563400,393478,391425
2/21/2021,526308,373490,344389
2/22/2021,523305,355070,366417
2/23/2021,505458,337508,363297
2/24/2021,519780,367963,352260
2/25/2021,504846,358198,331626
2/26/2021,507300,372230,324477
2/27/2021,501320,365786,322499
2/28/2021,483032,350796,304570
3/1/2021,493028,368935,303377
3/2/2021,512730,385980,314116
3/3/2021,485752,356110,324092
3/4/2021,510197,367971,332369
3/5/2021,450403,331034,296518
3/6/2021,475945,344486,308059
3/7/2021,445634,321681,297600
3/8/2021,478301,350635,311681
3/9/2021,514848,380184,334657
3/10/2021,526230,391060,328374
3/11/2021,542036,386038,354712
3/12/2021,530930,393232,354326
3/13/2021,524815,379079,357999
3/14/2021,525433,385416,343535
3/15/2021,528025,383969,353398
3/16/2021,524909,379074,354966
3/17/2021,510500,365578,355053
3/18/2021,536796,366379,385862
3/19/2021,528266,383564,356470
3/20/2021,522739,373850,355194
3/21/2021,486598,350945,318928
3/22/2021,512937,361755,355570
3/23/2021,543376,395888,345323
3/24/2021,540297,385073,362455
3/25/2021,565629,400517,376248
3/26/2021,532968,394907,346612
3/27/2021,513297,379138,332919
3/28/2021,496774,363639,322341
3/29/2021,519213,380797,340634
3/30/2021,528552,376327,365509
3/31/2021,544400,379500,388667
4/1/2021,594579,398764,429181
4/2/2021,598825,435279,389840
4/3/2021,551394,387553,370589
4/4/2021,515591,374441,330645
4/5/2021,534833,386123,355752
4/6/2021,559697,402647,372254
4/7/2021,540668,385472,356659
4/8/2021,539591,392847,344888
4/9/2021,532431,392850,345881
4/10/2021,583179,414352,379855
4/11/2021,545868,397002,349251
4/12/2021,571988,422579,363662
4/13/2021,573546,413717,382050
4/14/2021,600761,440121,388861
4/15/2021,521190,372438,323050
4/16/2021,617881,441085,437683
4/17/2021,640546,438114,473390
4/18/2021,603119,413983,434691
4/19/2021,651175,454263,473183
4/20/2021,692931,467346,539214
4/21/2021,705175,502489,485959
4/22/2021,698457,505358,466530
4/23/2021,653197,479877,426590
4/24/2021,673025,488922,400834
4/25/2021,684188,526352,367442
4/26/2021,665365,511394,383869
4/27/2021,645368,486105,400247
4/28/2021,651324,488379,429375
4/29/2021,661736,496847,429421
4/30/2021,625741,460578,351867
5/1/2021,676019,494516,345991
5/2/2021,637610,440824,369656
5/3/2021,675494,464550,390943
5/4/2021,702542,492583,406498
5/5/2021,694409,493792,407394
5/6/2021,692677,492081,415046
5/7/2021,674802,481823,409681
5/8/2021,758093,469426,555039
5/9/2021,799580,538671,546693
5/10/2021,763618,464643,557879
5/11/2021,784481,464443,603855
5/12/2021,732839,450533,527681
5/13/2021,759000,517124,479549
5/14/2021,726007,503602,455228
5/15/2021,700090,472666,444504
5/16/2021,665517,449732,421703
5/17/2021,649923,456887,395852
5/18/2021,620059,434805,385080
5/19/2021,618994,402163,423361
5/20/2021,659978,457091,389176
5/21/2021,595064,428616,336306
5/22/2021,577732,374244,360590
5/23/2021,520629,350420,315496
5/24/2021,553355,388662,322013
5/25/2021,556869,410330,297458
5/26/2021,574484,414178,315627
5/27/2021,576930,434515,298632
5/28/2021,543025,393292,315310
5/29/2021,594722,428772,344646
5/30/2021,594542,441415,318959
5/31/2021,590204,418988,344920
6/1/2021,571701,409594,330645
6/2/2021,555139,427809,293662
6/3/2021,598109,464364,299134
6/4/2021,572746,455581,276554
6/5/2021,547456,433488,258654
6/6/2021,533802,423390,244690
6/7/2021,528839,407700,266404
6/8/2021,493380,373463,264199
6/9/2021,496310,377570,258458
6/10/2021,498839,379859,262230
6/11/2021,479233,361034,258450
6/12/2021,476709,368373,240660
6/13/2021,513965,402015,246052
6/14/2021,497934,383564,256627
6/15/2021,508533,387180,270691
6/16/2021,502596,383737,268497
6/17/2021,487365,364783,271771
6/18/2021,470055,354764,252697
6/19/2021,429776,323363,228536
6/20/2021,439912,330833,224674
6/21/2021,480478,354160,260517
6/22/2021,518481,382411,287448
6/23/2021,514354,389474,263360
6/24/2021,525793,403540,257585
6/25/2021,510693,392802,266161
6/26/2021,489555,377340,245489
6/27/2021,493536,352334,269673
6/28/2021,684772,401847,466833
6/29/2021,556971,417678,294381
6/30/2021,520111,399857,268116
7/1/2021,529928,406851,270843
7/2/2021,504628,386016,256631
7/3/2021,464723,354835,246974
7/4/2021,466707,353974,244291
7/5/2021,489238,369954,256551
7/6/2021,490358,363949,284273
7/7/2021,502248,372078,290613
7/8/2021,494936,366168,279508
7/9/2021,487335,366038,266241
7/10/2021,452417,340868,243415
7/11/2021,448806,341222,234695
7/12/2021,467042,352326,252926
7/13/2021,470726,345825,270403
7/14/2021,478262,353544,275879
7/15/2021,496333,367453,284179
7/16/2021,476216,355262,271746
7/17/2021,466876,352022,250109
7/18/2021,446200,340140,234821
7/19/2021,483958,358485,265883
7/20/2021,487618,365797,268640
7/21/2021,497480,377926,263420
7/22/2021,494871,375206,269456
7/23/2021,507371,384649,271025
7/24/2021,527529,406567,265477
7/25/2021,475010,359388,247287
7/26/2021,526567,389330,289574
7/27/2021,625854,400983,393856
7/28/2021,601404,405748,367640
7/29/2021,537869,409387,284098
7/30/2021,532739,403486,291256
7/31/2021,525908,392366,290285
8/1/2021,512389,377130,281202
8/2/2021,556046,419208,293286
8/3/2021,504470,371551,296555
8/4/2021,505336,369794,295833
8/5/2021,463846,343928,269554
8/6/2021,495244,371433,287128
8/7/2021,482441,354888,294340
8/8/2021,495283,357238,294894
8/9/2021,479037,351156,293734
8/10/2021,484233,353047,297144
8/11/2021,489064,355853,303355
8/12/2021,482429,346341,298340
8/13/2021,481982,347547,295875
8/14/2021,465045,334570,288503
8/15/2021,456085,331592,276458
8/16/2021,508229,375155,310396
8/17/2021,497259,365244,304346
8/18/2021,481125,353150,286481
8/19/2021,529141,393842,303459
8/20/2021,525317,388337,311952
8/21/2021,491604,366972,281597
8/22/2021,470627,349145,270500
8/23/2021,494884,360999,301782
8/24/2021,475678,342458,299478
8/25/2021,454671,318290,293456
8/26/2021,451366,324793,281310
8/27/2021,440305,308780,280893
8/28/2021,460844,328324,285788
8/29/2021,446656,324247,277834
8/30/2021,466440,334370,295897
8/31/2021,491933,349278,310592
9/1/2021,508650,355168,323099
9/2/2021,521057,365938,326759
9/3/2021,469649,328109,297283
9/4/2021,477974,333691,296486
9/5/2021,457142,322313,282716
9/6/2021,483684,339866,298928
9/7/2021,519416,372377,324875
9/8/2021,479543,334954,303824
9/9/2021,485816,345912,307346
9/10/2021,521636,386955,301040
9/11/2021,585947,456761,292711
9/12/2021,527179,395841,297693
9/13/2021,586345,463922,281263
9/14/2021,534916,393454,311565
9/15/2021,526445,389445,304343
9/16/2021,502399,371017,302158
9/17/2021,483647,364185,281303
9/18/2021,488548,359466,286731
9/19/2021,464439,347728,264441
9/20/2021,451715,324461,280753
9/21/2021,480223,356891,277421
9/22/2021,489264,360262,284300
9/23/2021,492767,359270,299638
9/24/2021,459395,331822,281447
9/25/2021,468183,349723,266575
9/26/2021,428498,313428,254252
9/27/2021,448752,326254,276217
9/28/2021,445648,314547,278730
9/29/2021,457402,331668,274797
9/30/2021,454578,318313,284743
10/1/2021,527158,349143,340795
10/2/2021,470673,345333,277752
10/3/2021,472079,343110,278786
10/4/2021,441747,314719,276227
10/5/2021,511710,375114,304808
10/6/2021,613774,389258,417705
10/7/2021,584646,434256,351617
10/8/2021,552624,413415,336389
10/9/2021,533986,385086,315057
10/10/2021,487117,362198,278935
10/11/2021,498893,368596,292340
10/12/2021,502189,366944,303571
10/13/2021,486562,349503,302659
10/14/2021,511562,369339,320339
10/15/2021,525742,375695,333660
10/16/2021,536243,380345,324458
10/17/2021,500853,370957,288968
10/18/2021,522995,377788,317941
10/19/2021,544757,400189,317793
10/20/2021,572748,417747,341064
10/21/2021,573318,413104,345632
10/22/2021,555943,410516,333442
10/23/2021,569952,432010,319783
10/24/2021,557074,415539,333394
10/25/2021,558944,404820,352256
10/26/2021,577711,412763,374089
10/27/2021,581064,406309,381381
10/28/2021,662650,480050,435249
10/29/2021,676233,466136,443999
10/30/2021,618415,423023,409581
10/31/2021,582522,404761,368492
11/1/2021,610965,422182,382878
11/2/2021,639463,447800,399098
11/3/2021,657732,459350,406990
11/4/2021,625036,441553,387168
11/5/2021,605162,426111,380000
11/6/2021,579696,410808,363439
11/7/2021,594408,420215,368976
11/8/2021,618388,435893,374095
11/9/2021,586879,414725,366520
11/10/2021,635243,464495,366468
11/11/2021,615769,450528,347407
11/12/2021,612459,451235,350061
11/13/2021,608683,446354,353437
11/14/2021,602843,446185,344828
11/15/2021,562828,403456,344220
11/16/2021,567950,408513,345151
11/17/2021,647957,494062,333101
11/18/2021,551611,397991,331762
11/19/2021,568416,415395,322697
11/20/2021,507869,358329,313092
11/21/2021,568594,425031,319647
11/22/2021,504707,361627,313213
11/23/2021,538772,385333,335521
11/24/2021,561877,404749,353124
11/25/2021,554742,394416,342455
11/26/2021,558797,401200,332731
11/27/2021,512634,361515,318558
11/28/2021,488740,346964,296397
11/29/2021,555014,395011,334862
11/30/2021,578867,411138,350831
12/1/2021,534018,377510,331531
12/2/2021,564304,404798,334038
12/3/2021,522866,372551,312432
12/4/2021,508986,355702,313973
12/5/2021,773457,634798,287320
12/6/2021,537765,393749,308688
12/7/2021,548943,392622,341059
12/8/2021,596449,441376,346296
12/9/2021,553764,404426,319271
12/10/2021,566374,407436,322061
12/11/2021,532395,383416,312700
12/12/2021,550244,389642,324218
12/13/2021,560925,404843,323571
12/14/2021,560573,393950,335439
12/15/2021,558270,399240,337983
12/16/2021,549496,403978,312282
12/17/2021,570955,411566,352650
12/18/2021,514295,372207,303721
12/19/2021,513819,374602,290170
12/20/2021,538610,392653,305569
12/21/2021,541955,372728,329978
12/22/2021,577033,424751,315845
12/23/2021,546643,398046,331336
12/24/2021,585105,439063,318471
12/25/2021,572474,443974,295155
12/26/2021,541229,396412,307468
12/27/2021,563485,395463,337025
12/28/2021,540891,389088,327927
12/29/2021,516196,372828,302662
12/30/2021,545503,400028,326523
12/31/2021,521976,377030,316345
1/1/2022,522711,389723,303859
1/2/2022,487903,345413,291480
1/3/2022,523598,370451,316066
1/4/2022,534283,382995,323961
1/5/2022,552895,382804,338404
1/6/2022,547180,389090,326249
1/7/2022,525935,380065,309254
1/8/2022,525979,376034,313301
1/9/2022,463125,333788,280943
1/10/2022,469968,337198,280822
1/11/2022,531977,382935,315835
1/12/2022,575455,432019,313329
1/13/2022,586531,425557,334212
1/14/2022,528223,392971,303878
1/15/2022,540646,394770,308174
1/16/2022,519703,383772,302356
1/17/2022,527418,384330,304613
1/18/2022,513650,374055,295864
1/19/2022,539195,386353,322251
1/20/2022,529234,384173,313437
1/21/2022,504678,349236,313430
1/22/2022,507937,370862,301762
1/23/2022,478026,345981,281417
1/24/2022,487246,347976,290309
1/25/2022,497858,355823,304793
1/26/2022,484768,344844,295023
1/27/2022,467431,336127,277056
1/28/2022,492023,356634,288096
1/29/2022,491108,355388,294091
1/30/2022,512235,374914,288667
1/31/2022,528149,382937,302872
2/1/2022,518719,377861,310514
2/2/2022,507864,368885,297829
2/3/2022,487304,353914,284311
2/4/2022,529288,390597,297576
2/5/2022,597390,430071,340064
2/6/2022,555800,410973,302517
2/7/2022,518469,381202,297129
2/8/2022,536535,393857,300550
2/9/2022,544671,401410,309230
2/10/2022,553651,411521,308796
2/11/2022,548750,410529,298437
2/12/2022,522239,401040,262809
2/13/2022,535487,412590,265601
2/14/2022,539107,409427,275166
2/15/2022,534962,397645,288497
2/16/2022,507467,373454,280875
2/17/2022,500923,368976,277205
2/18/2022,467529,336834,273480
2/19/2022,491877,365736,268707
2/20/2022,511354,379659,271785
2/21/2022,468994,342111,269543
2/22/2022,481211,352031,277652
2/23/2022,505443,368958,292319
2/24/2022,513537,380113,296882
2/25/2022,520622,390551,276866
2/26/2022,554941,420143,280099
2/27/2022,516988,390809,262152
2/28/2022,501026,370711,277580
3/1/2022,530677,393065,298115
3/2/2022,549607,415130,288247
3/3/2022,539968,408198,282439
3/4/2022,532696,400390,280033
3/5/2022,505916,381553,255015
3/6/2022,527818,400111,272620
3/7/2022,540276,402114,295663
3/8/2022,595069,463263,283439
3/9/2022,569226,442377,275890
3/10/2022,634228,515247,258688
3/11/2022,523912,402426,260161
3/12/2022,537276,414792,262741
3/13/2022,495372,378537,245400
3/14/2022,505326,380853,264030
3/15/2022,575665,448355,278348
3/16/2022,629493,506926,270320
3/17/2022,524255,391956,290857
3/18/2022,639040,515454,277125
3/19/2022,543006,414434,269302
3/20/2022,527636,404591,255803
3/21/2022,563008,440463,259166
3/22/2022,603744,476497,272649
3/23/2022,553306,420746,277832
3/24/2022,536643,401425,287814
3/25/2022,531954,398010,284554
3/26/2022,540396,413528,266814
3/27/2022,532179,398723,275746
3/28/2022,548618,403733,307144
3/29/2022,554500,405507,309749
3/30/2022,522805,388945,287482
3/31/2022,528779,389697,302042
4/1/2022,508132,373504,296663
4/2/2022,480916,350519,280757
4/3/2022,465606,335028,272647
4/4/2022,462748,329607,276899
4/5/2022,479388,344343,284020
4/6/2022,486317,352261,284712
4/7/2022,481772,347428,288099
4/8/2022,470234,341048,280136
4/9/2022,502188,371247,269370
4/10/2022,501226,373621,271807
4/11/2022,485694,358997,269381
4/12/2022,472507,346346,268548
4/13/2022,452235,327025,262737
4/14/2022,493926,374031,258225
4/15/2022,487015,364213,263680
4/16/2022,482581,363448,253620
4/17/2022,466386,348184,241825
4/18/2022,488646,362828,267322
4/19/2022,590677,458932,280056
4/20/2022,597610,470154,279672
4/21/2022,485973,354136,285799
4/22/2022,512163,380493,294257
4/23/2022,476678,357498,257089
4/24/2022,490925,376103,253443
4/25/2022,498262,372006,282900
4/26/2022,503089,371083,288612
4/27/2022,513203,381069,303700
4/28/2022,511146,382199,291876
4/29/2022,502569,376251,290326
4/30/2022,505604,392341,286271
5/1/2022,464873,337909,289415
5/2/2022,452847,325750,270152
5/3/2022,447713,320701,265172
5/4/2022,488475,361110,278044
5/5/2022,536403,402636,302257
5/6/2022,492912,364293,291881
5/7/2022,475829,356510,259783
5/8/2022,504810,382029,269830
5/9/2022,511979,379250,296442
5/10/2022,523716,391212,315479
5/11/2022,479456,336448,289888
5/12/2022,619507,459857,311488
5/13/2022,641750,488778,315073
5/14/2022,514056,377102,278251
5/15/2022,493143,369165,253551
5/16/2022,517300,388836,266136
5/17/2022,492570,373188,263819
5/18/2022,549008,431444,269083
5/19/2022,484258,369685,240360
5/20/2022,471039,358181,246663
5/21/2022,485139,373824,237980
5/22/2022,459276,352723,224892
5/23/2022,464592,349250,246577
5/24/2022,478049,365506,243494
5/25/2022,454328,339390,253097
5/26/2022,421804,308256,248963
5/27/2022,441517,325746,254717
5/28/2022,482026,369472,241516
5/29/2022,467126,356119,247444
5/30/2022,418023,306751,232263
5/31/2022,487096,373219,256343
6/1/2022,444442,331355,251557
6/2/2022,410756,299155,243401
6/3/2022,415205,304938,242313
6/4/2022,401055,295800,224918
6/5/2022,392139,291812,220882
6/6/2022,428837,318763,239729
6/7/2022,417578,306494,237906
6/8/2022,394856,288988,228681
6/9/2022,419890,310262,238406
6/10/2022,453004,340372,259603
6/11/2022,452227,333462,252434
6/12/2022,424933,309592,237694
6/13/2022,452643,308584,288743
6/14/2022,455396,311696,285966
6/15/2022,449772,312591,273115
6/16/2022,476348,346399,263605
6/17/2022,486231,370636,244135
6/18/2022,448497,318297,259616
6/19/2022,436122,327302,222577
6/20/2022,445329,329856,231217
6/21/2022,426471,324079,220191
6/22/2022,425533,316029,234885
6/23/2022,413414,312326,221416
6/24/2022,445329,331963,234624
6/25/2022,386249,285370,213886
6/26/2022,365795,274135,202410
6/27/2022,424851,321523,237980
6/28/2022,407188,300718,226856
6/29/2022,407251,302140,232723
6/30/2022,418326,310408,232750
7/1/2022,489382,364508,263021
7/2/2022,514414,385245,263927
7/3/2022,466046,354379,229071
7/4/2022,463406,353735,232516
7/5/2022,466046,355344,237877
7/6/2022,477526,362384,257506
7/7/2022,489078,373437,261819
7/8/2022,480887,363106,258289
7/9/2022,488706,370338,247386
7/10/2022,493292,374735,249282
7/11/2022,450162,345183,225408
7/12/2022,458683,348074,232836
7/13/2022,489459,384285,226511
7/14/2022,512454,403890,236927
7/15/2022,547282,435419,245792
7/16/2022,584397,474155,232661
7/17/2022,554636,444419,224045
7/18/2022,507492,387350,253675
7/19/2022,491574,372541,253249
7/20/2022,501508,387065,252594
7/21/2022,516093,402871,246456
7/22/2022,539270,420702,251166
7/23/2022,498152,386191,233443
7/24/2022,490574,378828,228174
7/25/2022,607652,497319,247817
7/26/2022,1066898,961196,259442
7/27/2022,532080,408041,275561
7/28/2022,505827,384580,255293
7/29/2022,530965,415579,243610
7/30/2022,538151,421078,241195
7/31/2022,526270,418855,223788
8/1/2022,669314,554330,265686
8/2/2022,537551,424708,260118
8/3/2022,574028,447353,277815
8/4/2022,845053,714372,257333
8/5/2022,553037,437000,241046
8/6/2022,553368,441522,239672
8/7/2022,548149,440479,240350
8/8/2022,508975,394842,244193
8/9/2022,490876,377060,237445
8/10/2022,497667,382755,243747
8/11/2022,468861,353140,237208
8/12/2022,498699,386260,238327
8/13/2022,495184,385162,226406
8/14/2022,477656,372946,214648
8/15/2022,464889,358599,223132
8/16/2022,490642,383483,220118
8/17/2022,499814,391681,223722
8/18/2022,504037,401637,222035
8/19/2022,470152,362767,226988
8/20/2022,461726,357087,211103
8/21/2022,485844,379640,213031
8/22/2022,449781,348791,207528
8/23/2022,453814,352511,210653
8/24/2022,460105,353777,215357
8/25/2022,478712,367931,227346
8/26/2022,452829,346258,216933
8/27/2022,460146,360054,207655
8/28/2022,445407,347448,194995
8/29/2022,442556,340164,213747
8/30/2022,434732,327524,220678
8/31/2022,436394,327410,230440
9/1/2022,459819,351059,236090
9/2/2022,483773,374152,225621
9/3/2022,495930,396666,208345
9/4/2022,556552,459451,196218
9/5/2022,496770,392149,224838
9/6/2022,474527,364289,233632
9/7/2022,447323,341406,227022
9/8/2022,475808,368463,224194
9/9/2022,486897,380738,225877
9/10/2022,463784,359856,216178
9/11/2022,459706,355150,213725
9/12/2022,453458,344794,222756
9/13/2022,489602,369766,239944
9/14/2022,536414,391874,267916
9/15/2022,619189,430022,320819
9/16/2022,627038,442482,319456
9/17/2022,658628,568429,194331
9/18/2022,472302,397099,181947
9/19/2022,451129,372631,185663
9/20/2022,457747,376827,189271
9/21/2022,448227,360181,195483
9/22/2022,446191,377392,178423
9/23/2022,463058,395038,173382
9/24/2022,488203,428964,153652
9/25/2022,446630,388894,149714
9/26/2022,461597,395225,178577
9/27/2022,523027,451237,196062
9/28/2022,440692,356589,203207
9/29/2022,462394,382970,193601
9/30/2022,452593,373687,205846
10/1/2022,450114,363751,191044
10/2/2022,452325,361081,188671
10/3/2022,421139,341933,189623
10/4/2022,443791,356683,193766
10/5/2022,464151,380929,188586
10/6/2022,518358,421417,208140
10/7/2022,504681,411369,201145
10/8/2022,545064,450982,244964
10/9/2022,548124,475056,275221
10/10/2022,544018,463550,275634
10/11/2022,522219,442417,235094
10/12/2022,496693,412079,212860
10/13/2022,480220,375253,225692
10/14/2022,467626,358863,223662
10/15/2022,491789,392404,209669
10/16/2022,414320,350276,159464
10/17/2022,421044,338954,191284
10/18/2022,391350,318482,179335
10/19/2022,407645,331925,185063
10/20/2022,454852,369902,203881
10/21/2022,445056,367613,197924
10/22/2022,392382,325651,172406
10/23/2022,409088,342108,172553
10/24/2022,423635,351290,185652
10/25/2022,411861,338916,188180
10/26/2022,449233,371178,195339
10/27/2022,462004,382360,208506
10/28/2022,408307,335401,183559
10/29/2022,404658,335408,176602
10/30/2022,401590,331416,180221
10/31/2022,422663,345859,196503
11/1/2022,437892,360091,193105
11/2/2022,398887,322229,192425
11/3/2022,429433,352391,209227
11/4/2022,399999,317486,194416
11/5/2022,399822,329283,184540
11/6/2022,376906,302428,192921
11/7/2022,435008,352142,211105
11/8/2022,420959,332877,215600
11/9/2022,465954,361172,231841
11/10/2022,437761,340884,231708
11/11/2022,429682,333209,225243
11/12/2022,417415,329359,205499
11/13/2022,427550,309670,236101
11/14/2022,479481,344501,252045
11/15/2022,471325,367750,234694
11/16/2022,449937,359951,219627
11/17/2022,467158,380355,218377
11/18/2022,430624,353056,203316
11/19/2022,388222,321762,179560
11/20/2022,366042,296164,184679
11/21/2022,377691,298436,187797
11/22/2022,380101,303107,191251
11/23/2022,412435,334855,195961
11/24/2022,455451,367624,221234
11/25/2022,457115,388940,207383
11/26/2022,420037,358948,176690
11/27/2022,389265,329074,159418
11/28/2022,496442,425127,191467
11/29/2022,456786,377103,192507
11/30/2022,413369,334653,191938
12/1/2022,385929,313110,184325
12/2/2022,446511,379440,184354
12/3/2022,427041,364839,163493
12/4/2022,451218,390300,170190
12/5/2022,416369,347551,184523
12/6/2022,418891,349698,193568
12/7/2022,381201,311020,178365
12/8/2022,378257,308569,177637
12/9/2022,1420187,1356170,170138
12/10/2022,568888,504388,185724
12/11/2022,539018,461976,194992
12/12/2022,559293,489717,194429
12/13/2022,448263,358568,216873
12/14/2022,444237,367874,196430
12/15/2022,438221,367128,187754
12/16/2022,478114,401818,194051
12/17/2022,416251,344605,178124
12/18/2022,340536,281659,147483
12/19/2022,391646,324469,178121
12/20/2022,379756,313226,177927
12/21/2022,429494,365547,174557
12/22/2022,396270,332820,178749
12/23/2022,408654,345559,192140
12/24/2022,372729,316944,166540
12/25/2022,358745,306077,137699
12/26/2022,380056,318917,161794
12/27/2022,399353,336603,176139
12/28/2022,379201,314830,173252
12/29/2022,363843,300612,171533
12/30/2022,375800,314236,175625
12/31/2022,336918,282397,152746
1/1/2023,281764,230298,130374
1/2/2023,339858,279172,155484
1/3/2023,349277,290073,159779
1/4/2023,406310,336533,187140
1/5/2023,523302,459017,178011
1/6/2023,392488,325133,184736
1/7/2023,390985,329701,180196
1/8/2023,645678,586168,151421
1/9/2023,446810,378801,187309
1/10/2023,414820,346970,187658
1/11/2023,424774,356870,191249
1/12/2023,433869,364264,190201
1/13/2023,414152,344367,192874
1/14/2023,445536,372553,200677
1/15/2023,397890,323998,184104
1/16/2023,428331,353803,196224
1/17/2023,408811,339361,193022
1/18/2023,471074,403309,190694
1/19/2023,395211,325320,181257
1/20/2023,403912,335575,193000
1/21/2023,397386,333533,175427
1/22/2023,350940,289996,163147
1/23/2023,366342,303621,167273
1/24/2023,385430,320353,182558
1/25/2023,391334,324097,177431
1/26/2023,406732,340969,184288
1/27/2023,439692,372419,217884
1/28/2023,374212,313315,169827
1/29/2023,386016,321690,170762
1/30/2023,428410,361954,190389
1/31/2023,435168,365155,192312
2/1/2023,423396,349387,194596
2/2/2023,438178,360948,204279
2/3/2023,406469,335730,190492
2/4/2023,423366,344255,204581
2/5/2023,438947,357129,206291
2/6/2023,426625,336455,209423
2/7/2023,433602,352477,212757
2/8/2023,427046,352988,205786
2/9/2023,407245,331694,197488
2/10/2023,422722,343022,199766
2/11/2023,384209,315142,177873
2/12/2023,380397,311007,178726
2/13/2023,424807,351835,188342
2/14/2023,456606,385663,216513
2/15/2023,444145,372491,207406
2/16/2023,436675,362776,207516
2/17/2023,411193,342285,196133
2/18/2023,383594,320481,177337
2/19/2023,377252,311231,178308
2/20/2023,404988,336293,196570
2/21/2023,427497,359995,203023
2/22/2023,425796,357668,208304
2/23/2023,462707,395454,216167
2/24/2023,480460,412261,213000
2/25/2023,441520,375559,196462
2/26/2023,440912,375107,197595
2/27/2023,442360,373782,191806
2/28/2023,411722,340813,193579
3/1/2023,432642,354039,206987
3/2/2023,455138,382609,198258
3/3/2023,437946,364827,201705
3/4/2023,378703,317789,172263
3/5/2023,363229,301250,170913
3/6/2023,399454,331703,188867
3/7/2023,394933,329455,188719
3/8/2023,392289,324265,185079
3/9/2023,415190,345694,198818
3/10/2023,418461,343510,201042
3/11/2023,376077,307256,196124
3/12/2023,393575,327065,177105
3/13/2023,531332,457657,208997
3/14/2023,458561,382701,211977
3/15/2023,448940,378650,199430
3/16/2023,413904,344973,191885
3/17/2023,447558,373616,210474
3/18/2023,424207,355649,197691
3/19/2023,403736,331517,190800
3/20/2023,472166,395330,226942
3/21/2023,456807,377178,216617
3/22/2023,456449,374528,217527
3/23/2023,463365,376249,233915
3/24/2023,446977,363886,234624
3/25/2023,433484,356372,223066
3/26/2023,408993,334049,208527
3/27/2023,447371,355626,233776
3/28/2023,497982,412753,228621
3/29/2023,516141,428914,220627
3/30/2023,515818,434080,232189
3/31/2023,486594,408906,243674
4/1/2023,427793,357749,202347
4/2/2023,401175,332740,195070
4/3/2023,424681,347657,210126
4/4/2023,443292,362970,221075
4/5/2023,470143,392243,228264
4/6/2023,429861,352522,212819
4/7/2023,455007,376349,217169
4/8/2023,386527,317415,190695
4/9/2023,382386,311306,184821
4/10/2023,444758,371191,200206
4/11/2023,470997,391124,224314
4/12/2023,438010,364959,209940
4/13/2023,518890,434869,228105
4/14/2023,538183,456897,235538
4/15/2023,514123,448021,208547
4/16/2023,371594,304876,182291
4/17/2023,382699,306009,205062
4/18/2023,388391,305843,212834
4/19/2023,369708,285565,215136
4/20/2023,378723,304266,209253
4/21/2023,398108,325145,200187
4/22/2023,325807,261859,171376
4/23/2023,308321,246277,167340
4/24/2023,345203,278737,182690
4/25/2023,381307,311735,191423
4/26/2023,381343,306876,198655
4/27/2023,374962,307533,192731
4/28/2023,384374,314746,198348
4/29/2023,348612,288651,175696
4/30/2023,348801,287875,182110
5/1/2023,366261,290728,207285
5/2/2023,381277,304360,207731
5/3/2023,404609,331456,202128
5/4/2023,392871,315241,212097
5/5/2023,435230,344748,248400
5/6/2023,372273,294362,220749
5/7/2023,357398,282939,203806
5/8/2023,400256,320679,224485
5/9/2023,401741,325600,222230
5/10/2023,378703,304990,207688
5/11/2023,369098,296613,207032
5/12/2023,402176,329653,211497
5/13/2023,402746,337490,195959
5/14/2023,402774,342273,191903
5/15/2023,414907,344355,209643
5/16/2023,394652,323883,209218
5/17/2023,391263,323727,207372
5/18/2023,378122,310527,198940
5/19/2023,399612,334686,207166
5/20/2023,457314,395706,201926
5/21/2023,414344,354137,191682
5/22/2023,391756,324398,195731
5/23/2023,398403,332330,202486
5/24/2023,394347,326575,197014
5/25/2023,406157,336106,206059
5/26/2023,409070,342178,197248
5/27/2023,400424,339008,184079
5/28/2023,359831,298696,172413
5/29/2023,402399,334292,190866
5/30/2023,451525,382384,224407
5/31/2023,434876,366717,207842
6/1/2023,387497,322546,190171
