Year,Team,Record,Winning Percentage
2016,Celtics,25-15,0.625
2015,Celtics,48-34,0.585
2014,Celtics,40-42,0.488
2013,Celtics,25-57,0.305
2012,Celtics,41-40,0.506
2011,Celtics,39-27,0.591
2010,Celtics,56-26,0.683
2009,Celtics,50-32,0.61
2008,Celtics,62-20,0.756
2007,Celtics,66-16,0.805
2006,Celtics,24-58,0.293
2005,Celtics,33-49,0.402
2004,Celtics,45-37,0.549
2003,Celtics,36-46,0.439
2002,Celtics,44-38,0.537
2001,Celtics,49-33,0.598
2000,Celtics,36-46,0.439
1999,Celtics,35-47,0.427
1998,Celtics,19-31,0.38
1997,Celtics,36-46,0.439
1996,Celtics,15-67,0.183
1995,Celtics,33-49,0.402
1994,Celtics,35-47,0.427
1993,Celtics,32-50,0.39
1992,Celtics,48-34,0.585
1991,Celtics,51-31,0.622
1990,Celtics,56-26,0.683
1989,Celtics,52-30,0.634
1988,Celtics,42-40,0.512
1987,Celtics,57-25,0.695
1986,Celtics,59-23,0.72
1985,Celtics,67-15,0.817
1984,Celtics,63-19,0.768
1983,Celtics,62-20,0.756
1982,Celtics,56-26,0.683
1981,Celtics,63-19,0.768
1980,Celtics,62-20,0.756
1979,Celtics,61-21,0.744
1978,Celtics,29-53,0.354
1977,Celtics,32-50,0.39
1976,Celtics,44-38,0.537
1975,Celtics,54-28,0.659
1974,Celtics,60-22,0.732
1973,Celtics,56-26,0.683
1972,Celtics,68-14,0.829
1971,Celtics,56-26,0.683
1970,Celtics,44-38,0.537
1969,Celtics,34-48,0.415
1968,Celtics,48-34,0.585
1967,Celtics,54-28,0.659
1966,Celtics,60-21,0.741
1965,Celtics,54-26,0.675
1964,Celtics,62-18,0.775
1963,Celtics,59-21,0.738
1962,Celtics,58-22,0.725
1961,Celtics,60-20,0.75
1960,Celtics,57-22,0.722
1959,Celtics,59-16,0.787
1958,Celtics,52-20,0.722
1957,Celtics,49-23,0.681
1956,Celtics,44-28,0.611
1955,Celtics,39-33,0.542
1954,Celtics,36-36,0.5
1953,Celtics,42-30,0.583
1952,Celtics,46-25,0.648
1951,Celtics,39-27,0.591
1950,Celtics,39-30,0.565
1949,Celtics,22-46,0.324
1948,Celtics,25-35,0.417
1947,Celtics,20-28,0.417
1946,Celtics,22-38,0.367
2016,Hawks,23-17,0.575
2015,Hawks,48-34,0.585
2014,Hawks,60-22,0.732
2013,Hawks,38-44,0.463
2012,Hawks,44-38,0.537
2011,Hawks,40-26,0.606
2010,Hawks,44-38,0.537
2009,Hawks,53-29,0.646
2008,Hawks,47-35,0.573
2007,Hawks,37-45,0.451
2006,Hawks,30-52,0.366
2005,Hawks,26-56,0.317
2004,Hawks,13-69,0.159
2003,Hawks,28-54,0.341
2002,Hawks,35-47,0.427
2001,Hawks,33-49,0.402
2000,Hawks,25-57,0.305
1999,Hawks,28-54,0.341
1998,Hawks,31-19,0.62
1997,Hawks,50-32,0.61
1996,Hawks,56-26,0.683
1995,Hawks,46-36,0.561
1994,Hawks,42-40,0.512
1993,Hawks,57-25,0.695
1992,Hawks,43-39,0.524
1991,Hawks,38-44,0.463
1990,Hawks,43-39,0.524
1989,Hawks,41-41,0.5
1988,Hawks,52-30,0.634
1987,Hawks,50-32,0.61
1986,Hawks,57-25,0.695
1985,Hawks,50-32,0.61
1984,Hawks,34-48,0.415
1983,Hawks,40-42,0.488
1982,Hawks,43-39,0.524
1981,Hawks,42-40,0.512
1980,Hawks,31-51,0.378
1979,Hawks,50-32,0.61
1978,Hawks,46-36,0.561
1977,Hawks,41-41,0.5
1976,Hawks,31-51,0.378
1975,Hawks,29-53,0.354
1974,Hawks,31-51,0.378
1973,Hawks,35-47,0.427
1972,Hawks,46-36,0.561
1971,Hawks,36-46,0.439
1970,Hawks,36-46,0.439
1969,Hawks,48-34,0.585
1968,Hawks,48-34,0.585
1967,Hawks,56-26,0.683
1966,Hawks,39-42,0.481
1965,Hawks,36-44,0.45
1964,Hawks,45-35,0.563
1963,Hawks,46-34,0.575
1962,Hawks,48-32,0.6
1961,Hawks,29-51,0.363
1960,Hawks,51-28,0.646
1959,Hawks,46-29,0.613
1958,Hawks,49-23,0.681
1957,Hawks,41-31,0.569
1956,Hawks,34-38,0.472
1955,Hawks,33-39,0.458
1954,Hawks,26-46,0.361
1953,Hawks,21-51,0.292
1952,Hawks,27-44,0.38
1951,Hawks,17-49,0.258
1950,Blackhawks,25-43,0.368
1949,Blackhawks,29-35,0.453
2016,Nets,Sep-33,0.214
2015,Nets,21-61,0.256
2014,Nets,38-44,0.463
2013,Nets,44-38,0.537
2012,Nets,49-33,0.598
2011,Nets,22-44,0.333
2010,Nets,24-58,0.293
2009,Nets,Dec-70,0.146
2008,Nets,34-48,0.415
2007,Nets,34-48,0.415
2006,Nets,41-41,0.5
2005,Nets,49-33,0.598
2004,Nets,42-40,0.512
2003,Nets,47-35,0.573
2002,Nets,49-33,0.598
2001,Nets,52-30,0.634
2000,Nets,26-56,0.317
1999,Nets,31-51,0.378
1998,Nets,16-34,0.32
1997,Nets,43-39,0.524
1996,Nets,26-56,0.317
1995,Nets,30-52,0.366
1994,Nets,30-52,0.366
1993,Nets,45-37,0.549
1992,Nets,43-39,0.524
1991,Nets,40-42,0.488
1990,Nets,26-56,0.317
1989,Nets,17-65,0.207
1988,Nets,26-56,0.317
1987,Nets,19-63,0.232
1986,Nets,24-58,0.293
1985,Nets,39-43,0.476
1984,Nets,42-40,0.512
1983,Nets,45-37,0.549
1982,Nets,49-33,0.598
1981,Nets,44-38,0.537
1980,Nets,24-58,0.293
1979,Nets,34-48,0.415
1978,Nets,37-45,0.451
1977,Nets,24-58,0.293
1976,Nets,22-60,0.268
2016,Hornets,22-21,0.512
2015,Hornets,48-34,0.585
2014,Hornets,33-49,0.402
2013,Bobcats,43-39,0.524
2012,Bobcats,21-61,0.256
2011,Bobcats,Jul-59,0.106
2010,Bobcats,34-48,0.415
2009,Bobcats,44-38,0.537
2008,Bobcats,35-47,0.427
2007,Bobcats,32-50,0.39
2006,Bobcats,33-49,0.402
2005,Bobcats,26-56,0.317
2004,Bobcats,18-64,0.22
2001,Hornets,44-38,0.537
2000,Hornets,46-36,0.561
1999,Hornets,49-33,0.598
1998,Hornets,26-24,0.52
1997,Hornets,51-31,0.622
1996,Hornets,54-28,0.659
1995,Hornets,41-41,0.5
1994,Hornets,50-32,0.61
1993,Hornets,41-41,0.5
1992,Hornets,44-38,0.537
1991,Hornets,31-51,0.378
1990,Hornets,26-56,0.317
1989,Hornets,19-63,0.232
1988,Hornets,20-62,0.244
2016,Bulls,21-23,0.477
2015,Bulls,42-40,0.512
2014,Bulls,50-32,0.61
2013,Bulls,48-34,0.585
2012,Bulls,45-37,0.549
2011,Bulls,50-16,0.758
2010,Bulls,62-20,0.756
2009,Bulls,41-41,0.5
2008,Bulls,41-41,0.5
2007,Bulls,33-49,0.402
2006,Bulls,49-33,0.598
2005,Bulls,41-41,0.5
2004,Bulls,47-35,0.573
2003,Bulls,23-59,0.28
2002,Bulls,30-52,0.366
2001,Bulls,21-61,0.256
2000,Bulls,15-67,0.183
1999,Bulls,17-65,0.207
1998,Bulls,13-37,0.26
1997,Bulls,62-20,0.756
1996,Bulls,69-13,0.841
1995,Bulls,72-10,0.878
1994,Bulls,47-35,0.573
1993,Bulls,55-27,0.671
1992,Bulls,57-25,0.695
1991,Bulls,67-15,0.817
1990,Bulls,61-21,0.744
1989,Bulls,55-27,0.671
1988,Bulls,47-35,0.573
1987,Bulls,50-32,0.61
1986,Bulls,40-42,0.488
1985,Bulls,30-52,0.366
1984,Bulls,38-44,0.463
1983,Bulls,27-55,0.329
1982,Bulls,28-54,0.341
1981,Bulls,34-48,0.415
1980,Bulls,45-37,0.549
1979,Bulls,30-52,0.366
1978,Bulls,31-51,0.378
1977,Bulls,40-42,0.488
1976,Bulls,44-38,0.537
1975,Bulls,24-58,0.293
1974,Bulls,47-35,0.573
1973,Bulls,54-28,0.659
1972,Bulls,51-31,0.622
1971,Bulls,57-25,0.695
1970,Bulls,51-31,0.622
1969,Bulls,39-43,0.476
1968,Bulls,33-49,0.402
1967,Bulls,29-53,0.354
1966,Bulls,33-48,0.407
2016,Cavaliers,30-12,0.714
2015,Cavaliers,57-25,0.695
2014,Cavaliers,53-29,0.646
2013,Cavaliers,33-49,0.402
2012,Cavaliers,24-58,0.293
2011,Cavaliers,21-45,0.318
2010,Cavaliers,19-63,0.232
2009,Cavaliers,61-21,0.744
2008,Cavaliers,66-16,0.805
2007,Cavaliers,45-37,0.549
2006,Cavaliers,50-32,0.61
2005,Cavaliers,50-32,0.61
2004,Cavaliers,42-40,0.512
2003,Cavaliers,35-47,0.427
2002,Cavaliers,17-65,0.207
2001,Cavaliers,29-53,0.354
2000,Cavaliers,30-52,0.366
1999,Cavaliers,32-50,0.39
1998,Cavaliers,22-28,0.44
1997,Cavaliers,47-35,0.573
1996,Cavaliers,42-40,0.512
1995,Cavaliers,47-35,0.573
1994,Cavaliers,43-39,0.524
1993,Cavaliers,47-35,0.573
1992,Cavaliers,54-28,0.659
1991,Cavaliers,57-25,0.695
1990,Cavaliers,33-49,0.402
1989,Cavaliers,42-40,0.512
1988,Cavaliers,57-25,0.695
1987,Cavaliers,42-40,0.512
1986,Cavaliers,31-51,0.378
1985,Cavaliers,29-53,0.354
1984,Cavaliers,36-46,0.439
1983,Cavaliers,28-54,0.341
1982,Cavaliers,23-59,0.28
1981,Cavaliers,15-67,0.183
1980,Cavaliers,28-54,0.341
1979,Cavaliers,37-45,0.451
1978,Cavaliers,30-52,0.366
1977,Cavaliers,43-39,0.524
1976,Cavaliers,43-39,0.524
1975,Cavaliers,49-33,0.598
1974,Cavaliers,40-42,0.488
1973,Cavaliers,29-53,0.354
1972,Cavaliers,32-50,0.39
1971,Cavaliers,23-59,0.28
1970,Cavaliers,15-67,0.183
2016,Mavericks,15-29,0.341
2015,Mavericks,42-40,0.512
2014,Mavericks,50-32,0.61
2013,Mavericks,49-33,0.598
2012,Mavericks,41-41,0.5
2011,Mavericks,36-30,0.545
2010,Mavericks,57-25,0.695
2009,Mavericks,55-27,0.671
2008,Mavericks,50-32,0.61
2007,Mavericks,51-31,0.622
2006,Mavericks,67-15,0.817
2005,Mavericks,60-22,0.732
2004,Mavericks,58-24,0.707
2003,Mavericks,52-30,0.634
2002,Mavericks,60-22,0.732
2001,Mavericks,57-25,0.695
2000,Mavericks,53-29,0.646
1999,Mavericks,40-42,0.488
1998,Mavericks,19-31,0.38
1997,Mavericks,20-62,0.244
1996,Mavericks,24-58,0.293
1995,Mavericks,26-56,0.317
1994,Mavericks,36-46,0.439
1993,Mavericks,13-69,0.159
1992,Mavericks,Nov-71,0.134
1991,Mavericks,22-60,0.268
1990,Mavericks,28-54,0.341
1989,Mavericks,47-35,0.573
1988,Mavericks,38-44,0.463
1987,Mavericks,53-29,0.646
1986,Mavericks,55-27,0.671
1985,Mavericks,44-38,0.537
1984,Mavericks,44-38,0.537
1983,Mavericks,43-39,0.524
1982,Mavericks,38-44,0.463
1981,Mavericks,28-54,0.341
1980,Mavericks,15-67,0.183
2016,Nuggets,18-25,0.419
2015,Nuggets,33-49,0.402
2014,Nuggets,30-52,0.366
2013,Nuggets,36-46,0.439
2012,Nuggets,57-25,0.695
2011,Nuggets,38-28,0.576
2010,Nuggets,50-32,0.61
2009,Nuggets,53-29,0.646
2008,Nuggets,54-28,0.659
2007,Nuggets,50-32,0.61
2006,Nuggets,45-37,0.549
2005,Nuggets,44-38,0.537
2004,Nuggets,49-33,0.598
2003,Nuggets,43-39,0.524
2002,Nuggets,17-65,0.207
2001,Nuggets,27-55,0.329
2000,Nuggets,40-42,0.488
1999,Nuggets,35-47,0.427
1998,Nuggets,14-36,0.28
1997,Nuggets,Nov-71,0.134
1996,Nuggets,21-61,0.256
1995,Nuggets,35-47,0.427
1994,Nuggets,41-41,0.5
1993,Nuggets,42-40,0.512
1992,Nuggets,36-46,0.439
1991,Nuggets,24-58,0.293
1990,Nuggets,20-62,0.244
1989,Nuggets,43-39,0.524
1988,Nuggets,44-38,0.537
1987,Nuggets,54-28,0.659
1986,Nuggets,37-45,0.451
1985,Nuggets,47-35,0.573
1984,Nuggets,52-30,0.634
1983,Nuggets,38-44,0.463
1982,Nuggets,45-37,0.549
1981,Nuggets,46-36,0.561
1980,Nuggets,37-45,0.451
1979,Nuggets,30-52,0.366
1978,Nuggets,47-35,0.573
1977,Nuggets,48-34,0.585
1976,Nuggets,50-32,0.61
2016,Pistons,21-24,0.467
2015,Pistons,44-38,0.537
2014,Pistons,32-50,0.39
2013,Pistons,29-53,0.354
2012,Pistons,29-53,0.354
2011,Pistons,25-41,0.379
2010,Pistons,30-52,0.366
2009,Pistons,27-55,0.329
2008,Pistons,39-43,0.476
2007,Pistons,59-23,0.72
2006,Pistons,53-29,0.646
2005,Pistons,64-18,0.78
2004,Pistons,54-28,0.659
2003,Pistons,54-28,0.659
2002,Pistons,50-32,0.61
2001,Pistons,50-32,0.61
2000,Pistons,32-50,0.39
1999,Pistons,42-40,0.512
1998,Pistons,29-21,0.58
1997,Pistons,37-45,0.451
1996,Pistons,54-28,0.659
1995,Pistons,46-36,0.561
1994,Pistons,28-54,0.341
1993,Pistons,20-62,0.244
1992,Pistons,40-42,0.488
1991,Pistons,48-34,0.585
1990,Pistons,50-32,0.61
1989,Pistons,59-23,0.72
1988,Pistons,63-19,0.768
1987,Pistons,54-28,0.659
1986,Pistons,52-30,0.634
1985,Pistons,46-36,0.561
1984,Pistons,46-36,0.561
1983,Pistons,49-33,0.598
1982,Pistons,37-45,0.451
1981,Pistons,39-43,0.476
1980,Pistons,21-61,0.256
1979,Pistons,16-66,0.195
1978,Pistons,30-52,0.366
1977,Pistons,38-44,0.463
1976,Pistons,44-38,0.537
1975,Pistons,36-46,0.439
1974,Pistons,40-42,0.488
1973,Pistons,52-30,0.634
1972,Pistons,40-42,0.488
1971,Pistons,26-56,0.317
1970,Pistons,45-37,0.549
1969,Pistons,31-51,0.378
1968,Pistons,32-50,0.39
1967,Pistons,40-42,0.488
1966,Pistons,30-51,0.37
1965,Pistons,22-58,0.275
1964,Pistons,31-49,0.388
1963,Pistons,23-57,0.288
1962,Pistons,34-46,0.425
1961,Pistons,37-43,0.463
1960,Pistons,34-45,0.43
1959,Pistons,30-45,0.4
1958,Pistons,28-44,0.389
1957,Pistons,33-39,0.458
1956,Pistons,34-38,0.472
1955,Pistons,37-35,0.514
1954,Pistons,43-29,0.597
1953,Pistons,40-32,0.556
1952,Pistons,36-33,0.522
1951,Pistons,29-37,0.439
1950,Pistons,32-36,0.471
1949,Pistons,40-28,0.588
1948,Pistons,22-38,0.367
2016,Warriors,38-6,0.864
2015,Warriors,73-9,0.89
2014,Warriors,67-15,0.817
2013,Warriors,51-31,0.622
2012,Warriors,47-35,0.573
2011,Warriors,23-43,0.348
2010,Warriors,36-46,0.439
2009,Warriors,26-56,0.317
2008,Warriors,29-53,0.354
2007,Warriors,48-34,0.585
2006,Warriors,42-40,0.512
2005,Warriors,34-48,0.415
2004,Warriors,34-48,0.415
2003,Warriors,37-45,0.451
2002,Warriors,38-44,0.463
2001,Warriors,21-61,0.256
2000,Warriors,17-65,0.207
1999,Warriors,19-63,0.232
1998,Warriors,21-29,0.42
1997,Warriors,19-63,0.232
1996,Warriors,30-52,0.366
1995,Warriors,36-46,0.439
1994,Warriors,26-56,0.317
1993,Warriors,50-32,0.61
1992,Warriors,34-48,0.415
1991,Warriors,55-27,0.671
1990,Warriors,44-38,0.537
1989,Warriors,37-45,0.451
1988,Warriors,43-39,0.524
1987,Warriors,20-62,0.244
1986,Warriors,42-40,0.512
1985,Warriors,30-52,0.366
1984,Warriors,22-60,0.268
1983,Warriors,37-45,0.451
1982,Warriors,30-52,0.366
1981,Warriors,45-37,0.549
1980,Warriors,39-43,0.476
1979,Warriors,24-58,0.293
1978,Warriors,38-44,0.463
1977,Warriors,43-39,0.524
1976,Warriors,46-36,0.561
1975,Warriors,59-23,0.72
1974,Warriors,48-34,0.585
1973,Warriors,44-38,0.537
1972,Warriors,47-35,0.573
1971,Warriors,51-31,0.622
1970,Warriors,41-41,0.5
1969,Warriors,30-52,0.366
1968,Warriors,41-41,0.5
1967,Warriors,43-39,0.524
1966,Warriors,44-37,0.543
1965,Warriors,35-45,0.438
1964,Warriors,17-63,0.213
1963,Warriors,48-32,0.6
1962,Warriors,31-49,0.388
1961,Warriors,49-31,0.613
1960,Warriors,46-33,0.582
1959,Warriors,49-26,0.653
1958,Warriors,32-40,0.444
1957,Warriors,37-35,0.514
1956,Warriors,37-35,0.514
1955,Warriors,45-27,0.625
1954,Warriors,33-39,0.458
1953,Warriors,29-43,0.403
1952,Warriors,Dec-57,0.174
1951,Warriors,33-33,0.5
1950,Warriors,40-26,0.606
1949,Warriors,26-42,0.382
1948,Warriors,28-32,0.467
1947,Warriors,27-21,0.563
1946,Warriors,35-25,0.583
2016,Rockets,34-13,0.723
2015,Rockets,41-41,0.5
2014,Rockets,56-26,0.683
2013,Rockets,54-28,0.659
2012,Rockets,45-37,0.549
2011,Rockets,34-32,0.515
2010,Rockets,43-39,0.524
2009,Rockets,42-40,0.512
2008,Rockets,53-29,0.646
2007,Rockets,55-27,0.671
2006,Rockets,52-30,0.634
2005,Rockets,34-48,0.415
2004,Rockets,51-31,0.622
2003,Rockets,45-37,0.549
2002,Rockets,43-39,0.524
2001,Rockets,28-54,0.341
2000,Rockets,45-37,0.549
1999,Rockets,34-48,0.415
1998,Rockets,31-19,0.62
1997,Rockets,41-41,0.5
1996,Rockets,57-25,0.695
1995,Rockets,48-34,0.585
1994,Rockets,47-35,0.573
1993,Rockets,58-24,0.707
1992,Rockets,55-27,0.671
1991,Rockets,42-40,0.512
1990,Rockets,52-30,0.634
1989,Rockets,41-41,0.5
1988,Rockets,45-37,0.549
1987,Rockets,46-36,0.561
1986,Rockets,42-40,0.512
1985,Rockets,51-31,0.622
1984,Rockets,48-34,0.585
1983,Rockets,29-53,0.354
1982,Rockets,14-68,0.171
1981,Rockets,46-36,0.561
1980,Rockets,40-42,0.488
1979,Rockets,41-41,0.5
1978,Rockets,47-35,0.573
1977,Rockets,28-54,0.341
1976,Rockets,49-33,0.598
1975,Rockets,40-42,0.488
1974,Rockets,41-41,0.5
1973,Rockets,32-50,0.39
1972,Rockets,33-49,0.402
1971,Rockets,34-48,0.415
1970,Rockets,40-42,0.488
1969,Rockets,27-55,0.329
1968,Rockets,37-45,0.451
1967,Rockets,15-67,0.183
2016,Pacers,22-21,0.512
2015,Pacers,45-37,0.549
2014,Pacers,38-44,0.463
2013,Pacers,56-26,0.683
2012,Pacers,49-32,0.605
2011,Pacers,42-24,0.636
2010,Pacers,37-45,0.451
2009,Pacers,32-50,0.39
2008,Pacers,36-46,0.439
2007,Pacers,36-46,0.439
2006,Pacers,35-47,0.427
2005,Pacers,41-41,0.5
2004,Pacers,44-38,0.537
2003,Pacers,61-21,0.744
2002,Pacers,48-34,0.585
2001,Pacers,42-40,0.512
2000,Pacers,41-41,0.5
1999,Pacers,56-26,0.683
1998,Pacers,33-17,0.66
1997,Pacers,58-24,0.707
1996,Pacers,39-43,0.476
1995,Pacers,52-30,0.634
1994,Pacers,52-30,0.634
1993,Pacers,47-35,0.573
1992,Pacers,41-41,0.5
1991,Pacers,40-42,0.488
1990,Pacers,41-41,0.5
1989,Pacers,42-40,0.512
1988,Pacers,28-54,0.341
1987,Pacers,38-44,0.463
1986,Pacers,41-41,0.5
1985,Pacers,26-56,0.317
1984,Pacers,22-60,0.268
1983,Pacers,26-56,0.317
1982,Pacers,20-62,0.244
1981,Pacers,35-47,0.427
1980,Pacers,44-38,0.537
1979,Pacers,37-45,0.451
1978,Pacers,38-44,0.463
1977,Pacers,31-51,0.378
1976,Pacers,36-46,0.439
2016,Clippers,29-16,0.644
2015,Clippers,53-29,0.646
2014,Clippers,56-26,0.683
2013,Clippers,57-25,0.695
2012,Clippers,56-26,0.683
2011,Clippers,40-26,0.606
2010,Clippers,32-50,0.39
2009,Clippers,29-53,0.354
2008,Clippers,19-63,0.232
2007,Clippers,23-59,0.28
2006,Clippers,40-42,0.488
2005,Clippers,47-35,0.573
2004,Clippers,37-45,0.451
2003,Clippers,28-54,0.341
2002,Clippers,27-55,0.329
2001,Clippers,39-43,0.476
2000,Clippers,31-51,0.378
1999,Clippers,15-67,0.183
1998,Clippers,Sep-41,0.18
1997,Clippers,17-65,0.207
1996,Clippers,36-46,0.439
1995,Clippers,29-53,0.354
1994,Clippers,17-65,0.207
1993,Clippers,27-55,0.329
1992,Clippers,41-41,0.5
1991,Clippers,45-37,0.549
1990,Clippers,31-51,0.378
1989,Clippers,30-52,0.366
1988,Clippers,21-61,0.256
1987,Clippers,17-65,0.207
1986,Clippers,Dec-70,0.146
1985,Clippers,32-50,0.39
1984,Clippers,31-51,0.378
1983,Clippers,30-52,0.366
1982,Clippers,25-57,0.305
1981,Clippers,17-65,0.207
1980,Clippers,36-46,0.439
1979,Clippers,35-47,0.427
1978,Clippers,43-39,0.524
1977,Braves,27-55,0.329
1976,Braves,30-52,0.366
1975,Braves,46-36,0.561
1974,Braves,49-33,0.598
1973,Braves,42-40,0.512
1972,Braves,21-61,0.256
1971,Braves,22-60,0.268
1970,Braves,22-60,0.268
2016,Lakers,16-32,0.333
2015,Lakers,17-65,0.207
2014,Lakers,21-61,0.256
2013,Lakers,27-55,0.329
2012,Lakers,45-37,0.549
2011,Lakers,41-25,0.621
2010,Lakers,57-25,0.695
2009,Lakers,57-25,0.695
2008,Lakers,65-17,0.793
2007,Lakers,57-25,0.695
2006,Lakers,42-40,0.512
2005,Lakers,45-37,0.549
2004,Lakers,34-48,0.415
2003,Lakers,56-26,0.683
2002,Lakers,50-32,0.61
2001,Lakers,58-24,0.707
2000,Lakers,56-26,0.683
1999,Lakers,67-15,0.817
1998,Lakers,31-19,0.62
1997,Lakers,61-21,0.744
1996,Lakers,56-26,0.683
1995,Lakers,53-29,0.646
1994,Lakers,48-34,0.585
1993,Lakers,33-49,0.402
1992,Lakers,39-43,0.476
1991,Lakers,43-39,0.524
1990,Lakers,58-24,0.707
1989,Lakers,63-19,0.768
1988,Lakers,57-25,0.695
1987,Lakers,62-20,0.756
1986,Lakers,65-17,0.793
1985,Lakers,62-20,0.756
1984,Lakers,62-20,0.756
1983,Lakers,54-28,0.659
1982,Lakers,58-24,0.707
1981,Lakers,57-25,0.695
1980,Lakers,54-28,0.659
1979,Lakers,60-22,0.732
1978,Lakers,47-35,0.573
1977,Lakers,45-37,0.549
1976,Lakers,53-29,0.646
1975,Lakers,40-42,0.488
1974,Lakers,30-52,0.366
1973,Lakers,47-35,0.573
1972,Lakers,60-22,0.732
1971,Lakers,69-13,0.841
1970,Lakers,48-34,0.585
1969,Lakers,46-36,0.561
1968,Lakers,55-27,0.671
1967,Lakers,52-30,0.634
1966,Lakers,36-45,0.444
1965,Lakers,45-35,0.563
1964,Lakers,49-31,0.613
1963,Lakers,42-38,0.525
1962,Lakers,53-27,0.663
1961,Lakers,54-26,0.675
1960,Lakers,36-43,0.456
1959,Lakers,25-50,0.333
1958,Lakers,33-39,0.458
1957,Lakers,19-53,0.264
1956,Lakers,34-38,0.472
1955,Lakers,33-39,0.458
1954,Lakers,40-32,0.556
1953,Lakers,46-26,0.639
1952,Lakers,48-22,0.686
1951,Lakers,40-26,0.606
1950,Lakers,44-24,0.647
1949,Lakers,51-17,0.75
1948,Lakers,44-16,0.733
2016,Grizzlies,26-20,0.565
2015,Grizzlies,42-40,0.512
2014,Grizzlies,55-27,0.671
2013,Grizzlies,50-32,0.61
2012,Grizzlies,56-26,0.683
2011,Grizzlies,41-25,0.621
2010,Grizzlies,46-36,0.561
2009,Grizzlies,40-42,0.488
2008,Grizzlies,24-58,0.293
2007,Grizzlies,22-60,0.268
2006,Grizzlies,22-60,0.268
2005,Grizzlies,49-33,0.598
2004,Grizzlies,45-37,0.549
2003,Grizzlies,50-32,0.61
2002,Grizzlies,28-54,0.341
2001,Grizzlies,23-59,0.28
2000,Grizzlies,23-59,0.28
1999,Grizzlies,22-60,0.268
1998,Grizzlies,Aug-42,0.16
1997,Grizzlies,19-63,0.232
1996,Grizzlies,14-68,0.171
1995,Grizzlies,15-67,0.183
2016,Heat,14-30,0.318
2015,Heat,48-34,0.585
2014,Heat,37-45,0.451
2013,Heat,54-28,0.659
2012,Heat,66-16,0.805
2011,Heat,46-20,0.697
2010,Heat,58-24,0.707
2009,Heat,47-35,0.573
2008,Heat,43-39,0.524
2007,Heat,15-67,0.183
2006,Heat,44-38,0.537
2005,Heat,52-30,0.634
2004,Heat,59-23,0.72
2003,Heat,42-40,0.512
2002,Heat,25-57,0.305
2001,Heat,36-46,0.439
2000,Heat,50-32,0.61
1999,Heat,52-30,0.634
1998,Heat,33-17,0.66
1997,Heat,55-27,0.671
1996,Heat,61-21,0.744
1995,Heat,42-40,0.512
1994,Heat,32-50,0.39
1993,Heat,42-40,0.512
1992,Heat,36-46,0.439
1991,Heat,38-44,0.463
1990,Heat,24-58,0.293
1989,Heat,18-64,0.22
1988,Heat,15-67,0.183
2016,Bucks,20-23,0.465
2015,Bucks,33-49,0.402
2014,Bucks,41-41,0.5
2013,Bucks,15-67,0.183
2012,Bucks,38-44,0.463
2011,Bucks,31-35,0.47
2010,Bucks,35-47,0.427
2009,Bucks,46-36,0.561
2008,Bucks,34-48,0.415
2007,Bucks,26-56,0.317
2006,Bucks,28-54,0.341
2005,Bucks,40-42,0.488
2004,Bucks,30-52,0.366
2003,Bucks,41-41,0.5
2002,Bucks,42-40,0.512
2001,Bucks,41-41,0.5
2000,Bucks,52-30,0.634
1999,Bucks,42-40,0.512
1998,Bucks,28-22,0.56
1997,Bucks,36-46,0.439
1996,Bucks,33-49,0.402
1995,Bucks,25-57,0.305
1994,Bucks,34-48,0.415
1993,Bucks,20-62,0.244
1992,Bucks,28-54,0.341
1991,Bucks,31-51,0.378
1990,Bucks,48-34,0.585
1989,Bucks,44-38,0.537
1988,Bucks,49-33,0.598
1987,Bucks,42-40,0.512
1986,Bucks,50-32,0.61
1985,Bucks,57-25,0.695
1984,Bucks,59-23,0.72
1983,Bucks,50-32,0.61
1982,Bucks,51-31,0.622
1981,Bucks,55-27,0.671
1980,Bucks,60-22,0.732
1979,Bucks,49-33,0.598
1978,Bucks,38-44,0.463
1977,Bucks,44-38,0.537
1976,Bucks,30-52,0.366
1975,Bucks,38-44,0.463
1974,Bucks,38-44,0.463
1973,Bucks,59-23,0.72
1972,Bucks,60-22,0.732
1971,Bucks,63-19,0.768
1970,Bucks,66-16,0.805
1969,Bucks,56-26,0.683
1968,Bucks,27-55,0.329
2016,Timberwolves,16-28,0.364
2015,Timberwolves,29-53,0.354
2014,Timberwolves,16-66,0.195
2013,Timberwolves,40-42,0.488
2012,Timberwolves,31-51,0.378
2011,Timberwolves,26-40,0.394
2010,Timberwolves,17-65,0.207
2009,Timberwolves,15-67,0.183
2008,Timberwolves,24-58,0.293
2007,Timberwolves,22-60,0.268
2006,Timberwolves,32-50,0.39
2005,Timberwolves,33-49,0.402
2004,Timberwolves,44-38,0.537
2003,Timberwolves,58-24,0.707
2002,Timberwolves,51-31,0.622
2001,Timberwolves,50-32,0.61
2000,Timberwolves,47-35,0.573
1999,Timberwolves,50-32,0.61
1998,Timberwolves,25-25,0.5
1997,Timberwolves,45-37,0.549
1996,Timberwolves,40-42,0.488
1995,Timberwolves,26-56,0.317
1994,Timberwolves,21-61,0.256
1993,Timberwolves,20-62,0.244
1992,Timberwolves,19-63,0.232
1991,Timberwolves,15-67,0.183
1990,Timberwolves,29-53,0.354
1989,Timberwolves,22-60,0.268
2016,Pelicans,17-27,0.386
2015,Pelicans,30-52,0.366
2014,Pelicans,45-37,0.549
2013,Pelicans,34-48,0.415
2012,Hornets,27-55,0.329
2011,Hornets,21-45,0.318
2010,Hornets,46-36,0.561
2009,Hornets,37-45,0.451
2008,Hornets,49-33,0.598
2007,Hornets,56-26,0.683
2006,Hornets,39-43,0.476
2005,Hornets,38-44,0.463
2004,Hornets,18-64,0.22
2003,Hornets,41-41,0.5
2002,Hornets,47-35,0.573
2016,Knicks,31-51,0.378
2015,Knicks,32-50,0.39
2014,Knicks,17-65,0.207
2013,Knicks,37-45,0.451
2012,Knicks,54-28,0.659
2011,Knicks,36-30,0.545
2010,Knicks,42-40,0.512
2009,Knicks,29-53,0.354
2008,Knicks,32-50,0.39
2007,Knicks,23-59,0.28
2006,Knicks,33-49,0.402
2005,Knicks,23-59,0.28
2004,Knicks,33-49,0.402
2003,Knicks,39-43,0.476
2002,Knicks,37-45,0.451
2001,Knicks,30-52,0.366
2000,Knicks,48-34,0.585
1999,Knicks,50-32,0.61
1998,Knicks,27-23,0.54
1997,Knicks,43-39,0.524
1996,Knicks,57-25,0.695
1995,Knicks,47-35,0.573
1994,Knicks,55-27,0.671
1993,Knicks,57-25,0.695
1992,Knicks,60-22,0.732
1991,Knicks,51-31,0.622
1990,Knicks,39-43,0.476
1989,Knicks,45-37,0.549
1988,Knicks,52-30,0.634
1987,Knicks,38-44,0.463
1986,Knicks,24-58,0.293
1985,Knicks,23-59,0.28
1984,Knicks,24-58,0.293
1983,Knicks,47-35,0.573
1982,Knicks,44-38,0.537
1981,Knicks,33-49,0.402
1980,Knicks,50-32,0.61
1979,Knicks,39-43,0.476
1978,Knicks,31-51,0.378
1977,Knicks,43-39,0.524
1976,Knicks,40-42,0.488
1975,Knicks,38-44,0.463
1974,Knicks,40-42,0.488
1973,Knicks,49-33,0.598
1972,Knicks,57-25,0.695
1971,Knicks,48-34,0.585
1970,Knicks,52-30,0.634
1969,Knicks,60-22,0.732
1968,Knicks,54-28,0.659
1967,Knicks,43-39,0.524
1966,Knicks,36-45,0.444
1965,Knicks,30-50,0.375
1964,Knicks,31-49,0.388
1963,Knicks,22-58,0.275
1962,Knicks,21-59,0.263
1961,Knicks,29-51,0.363
1960,Knicks,21-58,0.266
1959,Knicks,27-48,0.36
1958,Knicks,40-32,0.556
1957,Knicks,35-37,0.486
1956,Knicks,36-36,0.5
1955,Knicks,35-37,0.486
1954,Knicks,38-34,0.528
1953,Knicks,44-28,0.611
1952,Knicks,47-23,0.671
1951,Knicks,37-29,0.561
1950,Knicks,36-30,0.545
1949,Knicks,40-28,0.588
1948,Knicks,32-28,0.533
1947,Knicks,26-22,0.542
1946,Knicks,33-27,0.55
2016,Thunder,25-19,0.568
2015,Thunder,55-27,0.671
2014,Thunder,45-37,0.549
2013,Thunder,59-23,0.72
2012,Thunder,60-22,0.732
2011,Thunder,47-19,0.712
2010,Thunder,55-27,0.671
2009,Thunder,50-32,0.61
2008,Thunder,23-59,0.28
2007,Supersonics,20-62,0.244
2006,Supersonics,31-51,0.378
2005,Supersonics,35-47,0.427
2004,Supersonics,52-30,0.634
2003,Supersonics,37-45,0.451
2002,Supersonics,40-42,0.488
2001,Supersonics,45-37,0.549
2000,Supersonics,44-38,0.537
1999,Supersonics,45-37,0.549
1998,Supersonics,25-25,0.5
1997,Supersonics,61-21,0.744
1996,Supersonics,57-25,0.695
1995,Supersonics,64-18,0.78
1994,Supersonics,57-25,0.695
1993,Supersonics,63-19,0.768
1992,Supersonics,55-27,0.671
1991,Supersonics,47-35,0.573
1990,Supersonics,41-41,0.5
1989,Supersonics,41-41,0.5
1988,Supersonics,47-35,0.573
1987,Supersonics,44-38,0.537
1986,Supersonics,39-43,0.476
1985,Supersonics,31-51,0.378
1984,Supersonics,31-51,0.378
1983,Supersonics,42-40,0.512
1982,Supersonics,48-34,0.585
1981,Supersonics,52-30,0.634
1980,Supersonics,34-48,0.415
1979,Supersonics,56-26,0.683
1978,Supersonics,52-30,0.634
1977,Supersonics,47-35,0.573
1976,Supersonics,40-42,0.488
1975,Supersonics,43-39,0.524
1974,Supersonics,43-39,0.524
1973,Supersonics,36-46,0.439
1972,Supersonics,26-56,0.317
1971,Supersonics,47-35,0.573
1970,Supersonics,38-44,0.463
1969,Supersonics,36-46,0.439
1968,Supersonics,30-52,0.366
1967,Supersonics,23-59,0.28
2016,Magic,18-28,0.391
2015,Magic,35-47,0.427
2014,Magic,25-57,0.305
2013,Magic,23-59,0.28
2012,Magic,20-62,0.244
2011,Magic,37-29,0.561
2010,Magic,52-30,0.634
2009,Magic,59-23,0.72
2008,Magic,59-23,0.72
2007,Magic,52-30,0.634
2006,Magic,40-42,0.488
2005,Magic,36-46,0.439
2004,Magic,36-46,0.439
2003,Magic,21-61,0.256
2002,Magic,42-40,0.512
2001,Magic,44-38,0.537
2000,Magic,43-39,0.524
1999,Magic,41-41,0.5
1998,Magic,33-17,0.66
1997,Magic,41-41,0.5
1996,Magic,45-37,0.549
1995,Magic,60-22,0.732
1994,Magic,57-25,0.695
1993,Magic,50-32,0.61
1992,Magic,41-41,0.5
1991,Magic,21-61,0.256
1990,Magic,31-51,0.378
1989,Magic,18-64,0.22
2016,76ers,15-27,0.357
2015,76ers,Oct-72,0.122
2014,76ers,18-64,0.22
2013,76ers,19-63,0.232
2012,76ers,34-48,0.415
2011,76ers,35-31,0.53
2010,76ers,41-41,0.5
2009,76ers,27-55,0.329
2008,76ers,41-41,0.5
2007,76ers,40-42,0.488
2006,76ers,35-47,0.427
2005,76ers,38-44,0.463
2004,76ers,43-39,0.524
2003,76ers,33-49,0.402
2002,76ers,48-34,0.585
2001,76ers,43-39,0.524
2000,76ers,56-26,0.683
1999,76ers,49-33,0.598
1998,76ers,28-22,0.56
1997,76ers,31-51,0.378
1996,76ers,22-60,0.268
1995,76ers,18-64,0.22
1994,76ers,24-58,0.293
1993,76ers,25-57,0.305
1992,76ers,26-56,0.317
1991,76ers,35-47,0.427
1990,76ers,44-38,0.537
1989,76ers,53-29,0.646
1988,76ers,46-36,0.561
1987,76ers,36-46,0.439
1986,76ers,45-37,0.549
1985,76ers,54-28,0.659
1984,76ers,58-24,0.707
1983,76ers,52-30,0.634
1982,76ers,65-17,0.793
1981,76ers,58-24,0.707
1980,76ers,62-20,0.756
1979,76ers,59-23,0.72
1978,76ers,47-35,0.573
1977,76ers,55-27,0.671
1976,76ers,50-32,0.61
1975,76ers,46-36,0.561
1974,76ers,34-48,0.415
1973,76ers,25-57,0.305
1972,76ers,Sep-73,0.11
1971,76ers,30-52,0.366
1970,76ers,47-35,0.573
1969,76ers,42-40,0.512
1968,76ers,55-27,0.671
1967,76ers,62-20,0.756
1966,76ers,68-13,0.84
1965,76ers,55-25,0.688
1964,76ers,40-40,0.5
1963,76ers,34-46,0.425
1962,Nationals,48-32,0.6
1961,Nationals,41-39,0.513
1960,Nationals,38-41,0.481
1959,Nationals,45-30,0.6
1958,Nationals,35-37,0.486
1957,Nationals,41-31,0.569
1956,Nationals,38-34,0.528
1955,Nationals,35-37,0.486
1954,Nationals,43-29,0.597
1953,Nationals,42-30,0.583
1952,Nationals,47-24,0.662
1951,Nationals,40-26,0.606
1950,Nationals,32-34,0.485
1949,Nationals,51-13,0.797
2016,Suns,15-29,0.341
2015,Suns,23-59,0.28
2014,Suns,39-43,0.476
2013,Suns,48-34,0.585
2012,Suns,25-57,0.305
2011,Suns,33-33,0.5
2010,Suns,40-42,0.488
2009,Suns,54-28,0.659
2008,Suns,46-36,0.561
2007,Suns,55-27,0.671
2006,Suns,61-21,0.744
2005,Suns,54-28,0.659
2004,Suns,62-20,0.756
2003,Suns,29-53,0.354
2002,Suns,44-38,0.537
2001,Suns,36-46,0.439
2000,Suns,51-31,0.622
1999,Suns,53-29,0.646
1998,Suns,27-23,0.54
1997,Suns,56-26,0.683
1996,Suns,40-42,0.488
1995,Suns,41-41,0.5
1994,Suns,59-23,0.72
1993,Suns,56-26,0.683
1992,Suns,62-20,0.756
1991,Suns,53-29,0.646
1990,Suns,55-27,0.671
1989,Suns,54-28,0.659
1988,Suns,55-27,0.671
1987,Suns,28-54,0.341
1986,Suns,36-46,0.439
1985,Suns,32-50,0.39
1984,Suns,36-46,0.439
1983,Suns,41-41,0.5
1982,Suns,53-29,0.646
1981,Suns,46-36,0.561
1980,Suns,57-25,0.695
1979,Suns,55-27,0.671
1978,Suns,50-32,0.61
1977,Suns,49-33,0.598
1976,Suns,34-48,0.415
1975,Suns,42-40,0.512
1974,Suns,32-50,0.39
1973,Suns,30-52,0.366
1972,Suns,38-44,0.463
1971,Suns,49-33,0.598
1970,Suns,48-34,0.585
1969,Suns,39-43,0.476
1968,Suns,16-66,0.195
2016,Trail Blazers,19-27,0.413
2015,Trail Blazers,44-38,0.537
2014,Trail Blazers,51-31,0.622
2013,Trail Blazers,54-28,0.659
2012,Trail Blazers,33-49,0.402
2011,Trail Blazers,28-38,0.424
2010,Trail Blazers,48-34,0.585
2009,Trail Blazers,50-32,0.61
2008,Trail Blazers,54-28,0.659
2007,Trail Blazers,41-41,0.5
2006,Trail Blazers,32-50,0.39
2005,Trail Blazers,21-61,0.256
2004,Trail Blazers,27-55,0.329
2003,Trail Blazers,41-41,0.5
2002,Trail Blazers,50-32,0.61
2001,Trail Blazers,49-33,0.598
2000,Trail Blazers,50-32,0.61
1999,Trail Blazers,59-23,0.72
1998,Trail Blazers,35-15,0.7
1997,Trail Blazers,46-36,0.561
1996,Trail Blazers,49-33,0.598
1995,Trail Blazers,44-38,0.537
1994,Trail Blazers,44-38,0.537
1993,Trail Blazers,47-35,0.573
1992,Trail Blazers,51-31,0.622
1991,Trail Blazers,57-25,0.695
1990,Trail Blazers,63-19,0.768
1989,Trail Blazers,59-23,0.72
1988,Trail Blazers,39-43,0.476
1987,Trail Blazers,53-29,0.646
1986,Trail Blazers,49-33,0.598
1985,Trail Blazers,40-42,0.488
1984,Trail Blazers,42-40,0.512
1983,Trail Blazers,48-34,0.585
1982,Trail Blazers,46-36,0.561
1981,Trail Blazers,42-40,0.512
1980,Trail Blazers,45-37,0.549
1979,Trail Blazers,38-44,0.463
1978,Trail Blazers,45-37,0.549
1977,Trail Blazers,58-24,0.707
1976,Trail Blazers,49-33,0.598
1975,Trail Blazers,37-45,0.451
1974,Trail Blazers,38-44,0.463
1973,Trail Blazers,27-55,0.329
1972,Trail Blazers,21-61,0.256
1971,Trail Blazers,18-64,0.22
1970,Trail Blazers,29-53,0.354
2016,Kings,16-27,0.372
2015,Kings,33-49,0.402
2014,Kings,29-53,0.354
2013,Kings,28-54,0.341
2012,Kings,28-54,0.341
2011,Kings,22-44,0.333
2010,Kings,24-58,0.293
2009,Kings,25-57,0.305
2008,Kings,17-65,0.207
2007,Kings,38-44,0.463
2006,Kings,33-49,0.402
2005,Kings,44-38,0.537
2004,Kings,50-32,0.61
2003,Kings,55-27,0.671
2002,Kings,59-23,0.72
2001,Kings,61-21,0.744
2000,Kings,55-27,0.671
1999,Kings,44-38,0.537
1998,Kings,27-23,0.54
1997,Kings,27-55,0.329
1996,Kings,34-48,0.415
1995,Kings,39-43,0.476
1994,Kings,39-43,0.476
1993,Kings,28-54,0.341
1992,Kings,25-57,0.305
1991,Kings,29-53,0.354
1990,Kings,25-57,0.305
1989,Kings,23-59,0.28
1988,Kings,27-55,0.329
1987,Kings,24-58,0.293
1986,Kings,29-53,0.354
1985,Kings,37-45,0.451
1984,Kings,31-51,0.378
1983,Kings,38-44,0.463
1982,Kings,45-37,0.549
1981,Kings,30-52,0.366
1980,Kings,40-42,0.488
1979,Kings,47-35,0.573
1978,Kings,48-34,0.585
1977,Kings,31-51,0.378
1976,Kings,40-42,0.488
1975,Kings,31-51,0.378
1974,Kings,44-38,0.537
1973,Kings,33-49,0.402
1972,Kings,36-46,0.439
1971,Royals,30-52,0.366
1970,Royals,33-49,0.402
1969,Royals,36-46,0.439
1968,Royals,41-41,0.5
1967,Royals,39-43,0.476
1966,Royals,39-42,0.481
1965,Royals,45-35,0.563
1964,Royals,48-32,0.6
1963,Royals,55-25,0.688
1962,Royals,42-38,0.525
1961,Royals,43-37,0.538
1960,Royals,33-46,0.418
1959,Royals,19-56,0.253
1958,Royals,19-53,0.264
1957,Royals,33-39,0.458
1956,Royals,31-41,0.431
1955,Royals,31-41,0.431
1954,Royals,29-43,0.403
1953,Royals,44-28,0.611
1952,Royals,44-26,0.629
1951,Royals,41-25,0.621
1950,Royals,41-27,0.603
1949,Royals,51-17,0.75
1948,Royals,45-15,0.75
2016,Spurs,34-9,0.791
2015,Spurs,67-15,0.817
2014,Spurs,55-27,0.671
2013,Spurs,62-20,0.756
2012,Spurs,58-24,0.707
2011,Spurs,50-16,0.758
2010,Spurs,61-21,0.744
2009,Spurs,50-32,0.61
2008,Spurs,54-28,0.659
2007,Spurs,56-26,0.683
2006,Spurs,58-24,0.707
2005,Spurs,63-19,0.768
2004,Spurs,59-23,0.72
2003,Spurs,57-25,0.695
2002,Spurs,60-22,0.732
2001,Spurs,58-24,0.707
2000,Spurs,58-24,0.707
1999,Spurs,53-29,0.646
1998,Spurs,37-13,0.74
1997,Spurs,56-26,0.683
1996,Spurs,20-62,0.244
1995,Spurs,59-23,0.72
1994,Spurs,62-20,0.756
1993,Spurs,55-27,0.671
1992,Spurs,49-33,0.598
1991,Spurs,47-35,0.573
1990,Spurs,55-27,0.671
1989,Spurs,56-26,0.683
1988,Spurs,21-61,0.256
1987,Spurs,31-51,0.378
1986,Spurs,28-54,0.341
1985,Spurs,35-47,0.427
1984,Spurs,41-41,0.5
1983,Spurs,37-45,0.451
1982,Spurs,53-29,0.646
1981,Spurs,48-34,0.585
1980,Spurs,52-30,0.634
1979,Spurs,41-41,0.5
1978,Spurs,48-34,0.585
1977,Spurs,52-30,0.634
1976,Spurs,44-38,0.537
2016,Raptors,28-16,0.636
2015,Raptors,56-26,0.683
2014,Raptors,49-33,0.598
2013,Raptors,48-34,0.585
2012,Raptors,34-48,0.415
2011,Raptors,23-43,0.348
2010,Raptors,22-60,0.268
2009,Raptors,40-42,0.488
2008,Raptors,33-49,0.402
2007,Raptors,41-41,0.5
2006,Raptors,47-35,0.573
2005,Raptors,27-55,0.329
2004,Raptors,33-49,0.402
2003,Raptors,33-49,0.402
2002,Raptors,24-58,0.293
2001,Raptors,42-40,0.512
2000,Raptors,47-35,0.573
1999,Raptors,45-37,0.549
1998,Raptors,23-27,0.46
1997,Raptors,16-66,0.195
1996,Raptors,30-52,0.366
1995,Raptors,21-61,0.256
2016,Jazz,29-16,0.644
2015,Jazz,40-42,0.488
2014,Jazz,38-44,0.463
2013,Jazz,25-57,0.305
2012,Jazz,43-39,0.524
2011,Jazz,36-30,0.545
2010,Jazz,39-43,0.476
2009,Jazz,53-29,0.646
2008,Jazz,48-34,0.585
2007,Jazz,54-28,0.659
2006,Jazz,51-31,0.622
2005,Jazz,41-41,0.5
2004,Jazz,26-56,0.317
2003,Jazz,42-40,0.512
2002,Jazz,47-35,0.573
2001,Jazz,44-38,0.537
2000,Jazz,53-29,0.646
1999,Jazz,55-27,0.671
1998,Jazz,37-13,0.74
1997,Jazz,62-20,0.756
1996,Jazz,64-18,0.78
1995,Jazz,55-27,0.671
1994,Jazz,60-22,0.732
1993,Jazz,53-29,0.646
1992,Jazz,47-35,0.573
1991,Jazz,55-27,0.671
1990,Jazz,54-28,0.659
1989,Jazz,55-27,0.671
1988,Jazz,51-31,0.622
1987,Jazz,47-35,0.573
1986,Jazz,44-38,0.537
1985,Jazz,42-40,0.512
1984,Jazz,41-41,0.5
1983,Jazz,45-37,0.549
1982,Jazz,30-52,0.366
1981,Jazz,25-57,0.305
1980,Jazz,28-54,0.341
1979,Jazz,24-58,0.293
1978,Jazz,26-56,0.317
1977,Jazz,39-43,0.476
1976,Jazz,35-47,0.427
1975,Jazz,38-44,0.463
1974,Jazz,23-59,0.28
2016,Wizards,23-20,0.535
2015,Wizards,41-41,0.5
2014,Wizards,46-36,0.561
2013,Wizards,44-38,0.537
2012,Wizards,29-53,0.354
2011,Wizards,20-46,0.303
2010,Wizards,23-59,0.28
2009,Wizards,26-56,0.317
2008,Wizards,19-63,0.232
2007,Wizards,43-39,0.524
2006,Wizards,41-41,0.5
2005,Wizards,42-40,0.512
2004,Wizards,45-37,0.549
2003,Wizards,25-57,0.305
2002,Wizards,37-45,0.451
2001,Wizards,37-45,0.451
2000,Wizards,19-63,0.232
1999,Wizards,29-53,0.354
1998,Wizards,18-32,0.36
1997,Wizards,42-40,0.512
1996,Bullets,44-38,0.537
1995,Bullets,39-43,0.476
1994,Bullets,21-61,0.256
1993,Bullets,24-58,0.293
1992,Bullets,22-60,0.268
1991,Bullets,25-57,0.305
1990,Bullets,30-52,0.366
1989,Bullets,31-51,0.378
1988,Bullets,40-42,0.488
1987,Bullets,38-44,0.463
1986,Bullets,42-40,0.512
1985,Bullets,39-43,0.476
1984,Bullets,40-42,0.488
1983,Bullets,35-47,0.427
1982,Bullets,42-40,0.512
1981,Bullets,43-39,0.524
1980,Bullets,39-43,0.476
1979,Bullets,39-43,0.476
1978,Bullets,54-28,0.659
1977,Bullets,44-38,0.537
1976,Bullets,48-34,0.585
1975,Bullets,48-34,0.585
1974,Bullets,60-22,0.732
1973,Bullets,47-35,0.573
1972,Bullets,52-30,0.634
1971,Bullets,38-44,0.463
1970,Bullets,42-40,0.512
1969,Bullets,50-32,0.61
1968,Bullets,57-25,0.695
1967,Bullets,36-46,0.439
1966,Bullets,20-61,0.247
1965,Bullets,38-42,0.475
1964,Bullets,37-43,0.463
1963,Bullets,31-49,0.388
1962,Zephyrs,25-55,0.313
1961,Packers,18-62,0.225
